motif_id,n_hits,n_in_GSM4748812,pct_in_GSM4748812,n_in_ChIPAtlas_any,pct_in_ChIPAtlas_any
PPARA_M12541_3.10,20,0,0,2,10
PPARG_M12496_3.10,20,0,0,2,10
MA1148.2,56,0,0,5,8.9
MA1148.1,58,0,0,5,8.6
PPARA.H13CORE.0.P.B,63,0,0,5,7.9
PPARG.H13CORE.0.P.B,65,0,0,5,7.7
RXRB.H13CORE.1.SM.B,63,0,0,4,6.3
MA1550.1,33,0,0,2,6.1
MA1550.2,34,0,0,2,5.9
PPARD.H13CORE.0.PSM.A,71,0,0,4,5.6
PPARG_M12497_3.10,19,0,0,1,5.3
RXRA.H13CORE.1.S.C,39,0,0,2,5.1
PPARG.H13CORE.1.P.B,65,0,0,3,4.6
RXRA.H13CORE.0.PS.A,57,0,0,2,3.5
RXRA.H13CORE.2.SM.B,31,0,0,1,3.2
MA0856.1,31,0,0,1,3.2
MA0855.1,32,0,0,1,3.1
PPARA.H13CORE.1.P.B,39,0,0,1,2.6
PPARG_M12498_3.10,38,0,0,1,2.6
RXRA.H13CORE.3.P.B,226,0,0,4,1.8
RXRB.H13CORE.0.P.C,89,0,0,1,1.1
MA0065.1,35,0,0,0,0
MA0066.1,29,0,0,0,0
MA0066.2,25,0,0,0,0
MA1556.1,38,0,0,0,0
MA1555.1,39,0,0,0,0
PPARD_M05794_3.10,29,0,0,0,0
PPARD_M05796_3.10,27,0,0,0,0
RXRA_M03621_3.10,33,0,0,0,0
RXRA_M03623_3.10,29,0,0,0,0
