db_index	motif_id	motif_alt_id	consensus	E-value	adj_p-value	log_adj_p-value	bin_location	bin_width	total_width	sites_in_bin	total_sites	p_success	p-value	mult_tests
   1	PPARG_M12498_3.10		WASYRGGKCAAAGGTCA	1.1e-2845	   3.7e-2847	       -6554.14	         0.0	    227.0	        485	      140428	     240188	  0.46804	1.5e-2849	       242
   1	PPARD.H13CORE.0.PSM.A		STRGGKSAAAGGTCA	5.5e-1921	   1.8e-1922	       -4424.96	         0.0	    231.0	        487	      206715	     375107	  0.47433	7.6e-1925	       243
   1	PPARA.H13CORE.0.P.B		AASTRGGKCAAAGGTCA	1.0e-467	   3.4e-469	       -1078.69	         0.0	    249.0	        485	      207011	     375525	  0.51340	1.4e-471	       242
   1	PPARG.H13CORE.0.P.B		AASTRGGBCAAAGGTCA	4.9e-217	   1.6e-218	        -501.48	         0.0	    249.0	        485	      195767	     362736	  0.51340	6.7e-221	       242
   1	MA1148.1	PPARA::RXRA	AWNTRGGTYAAAGGTCAN	1.1e-139	   3.7e-141	        -323.36	         0.0	    280.0	        484	      214502	     357801	  0.57851	1.5e-143	       241
   1	MA1148.2	PPARA::RXRA	AWNTRGGTYAAAGGTCA	1.9e-136	   6.3e-138	        -315.92	         0.0	    277.0	        485	      211853	     357903	  0.57113	2.6e-140	       242
   1	RXRB.H13CORE.1.SM.B		NRRGGTCAAAGGTCAHR	9.7e-81	   3.2e-82	        -187.64	         0.0	    287.0	        485	      120923	     197192	  0.59175	1.3e-84	       242
   1	MA1550.1	PPARD	NRRGGTCAAAGGTCAN	6.7e-60	   2.2e-61	        -139.66	         0.0	    282.0	        486	      100107	     166698	  0.58025	9.2e-64	       242
   1	MA0856.1	RXRG	RRGGTCAAAGGTCA	1.1e-59	   3.7e-61	        -139.16	         0.0	    270.0	        488	      223649	     394756	  0.55328	1.5e-63	       243
   1	PPARG.H13CORE.1.P.B		GGCARAGGKCA	5.3e-42	   1.8e-43	         -98.45	         0.0	    273.0	        491	      227593	     401320	  0.55601	7.2e-46	       245
   1	MA1550.2	PPARD	RRGGTCAAAGGTCA	1.7e-34	   5.8e-36	         -81.14	         0.0	    282.0	        488	       99417	     167536	  0.57787	2.4e-38	       243
   1	RXRA_M03623_3.10		RRGGTCATGACCYY	1.8e-27	   5.9e-29	         -65.00	         0.0	    292.0	        488	       54731	      88649	  0.59836	2.4e-31	       243
   1	PPARD_M05796_3.10		MRRGGTCRCGACCYYD	5.6e-1	   1.9e-2	          -3.99	         0.0	    270.0	        486	      101156	     180641	  0.55556	7.7e-5	       242
   1	RXRA.H13CORE.2.SM.B		RRGGTCAAAGGTCAH	2.2e0	   7.3e-2	          -2.62	         0.0	    273.0	        487	      151740	     269115	  0.56057	3.1e-4	       243

# CentriMo (Local Motif Enrichment Analysis): Version 5.5.7 compiled on Sep 22 2026 at 15:52:12
# The format of this file is described at https://meme-suite.org/meme/doc/centrimo-output-format.html.
# centrimo --oc centrimo_liver ChIPAtlas_liver_peaks_centered500bp.fa all30_motifs.clean.meme
