"","PPARA.H13CORE.0.P.B","PPARA.H13CORE.1.P.B","PPARD.H13CORE.0.PSM.A","PPARG.H13CORE.0.P.B","PPARG.H13CORE.1.P.B","RXRA.H13CORE.0.PS.A","RXRA.H13CORE.1.S.C","RXRA.H13CORE.2.SM.B","RXRA.H13CORE.3.P.B","RXRB.H13CORE.0.P.C","RXRB.H13CORE.1.SM.B","MA0065.1","MA0066.1","MA0066.2","MA0855.1","MA0856.1","MA1148.1","MA1148.2","MA1550.1","MA1550.2","MA1555.1","MA1556.1","PPARA_M12541_3.10","PPARD_M05794_3.10","PPARD_M05796_3.10","PPARG_M12496_3.10","PPARG_M12497_3.10","PPARG_M12498_3.10","RXRA_M03621_3.10","RXRA_M03623_3.10"
"PPARA.H13CORE.0.P.B",1,0.998,0.992,0.994,0.938,0.936,0.924,0.909,0.709,0.955,0.831,0.702,0.633,0.795,0.852,0.859,0.909,0.909,0.878,0.868,0.894,0.916,0.915,0.949,0.881,0.781,0.481,0.946,0.855,0.872
"PPARA.H13CORE.1.P.B",0.998,1,0.995,0.997,0.988,0.946,0.934,0.984,0.84,0.983,0.982,0.981,0.612,0.775,0.982,0.982,0.984,0.984,0.983,0.983,0.903,0.926,0.955,0.955,0.89,0.981,0.48,0.966,0.864,0.881
"PPARD.H13CORE.0.PSM.A",0.992,0.995,1,0.994,0.95,0.926,0.905,0.896,0.692,0.958,0.818,0.72,0.633,0.793,0.833,0.84,0.93,0.93,0.865,0.853,0.88,0.904,0.885,0.939,0.869,0.751,0.434,0.95,0.84,0.857
"PPARG.H13CORE.0.P.B",0.994,0.997,0.994,1,0.951,0.94,0.931,0.914,0.712,0.966,0.841,0.701,0.63,0.789,0.83,0.838,0.92,0.92,0.884,0.876,0.901,0.924,0.904,0.953,0.887,0.778,0.474,0.949,0.864,0.88
"PPARG.H13CORE.1.P.B",0.938,0.988,0.95,0.951,1,0.942,0.928,0.905,0.789,0.962,0.849,0.84,0.599,0.758,0.843,0.843,0.881,0.881,0.882,0.871,0.894,0.917,0.803,0.942,0.882,0.843,0.486,0.928,0.859,0.875
"RXRA.H13CORE.0.PS.A",0.936,0.946,0.926,0.94,0.942,1,0.977,0.986,0.869,0.95,0.927,0.9,0.6,0.778,0.929,0.95,0.923,0.923,0.978,0.976,0.984,0.991,0.865,0.986,0.967,0.946,0.464,0.876,0.971,0.978
"RXRA.H13CORE.1.S.C",0.924,0.934,0.905,0.931,0.928,0.977,1,0.96,0.741,0.837,0.901,0.9,0.569,0.464,0.924,0.934,0.801,0.919,0.95,0.953,0.494,0.497,0.869,0.828,0.762,0.923,0.334,0.886,0.493,0.498
"RXRA.H13CORE.2.SM.B",0.909,0.984,0.896,0.914,0.905,0.986,0.96,1,0.856,0.803,0.98,0.973,0.55,0.685,0.981,0.986,0.841,0.9,0.985,0.996,0.813,0.827,0.827,0.873,0.766,0.972,0.384,0.845,0.788,0.803
"RXRA.H13CORE.3.P.B",0.709,0.84,0.692,0.712,0.789,0.869,0.741,0.856,1,0.742,0.846,0.747,0.583,0.665,0.795,0.815,0.692,0.692,0.832,0.839,0.676,0.673,0.586,0.686,0.667,0.844,0.485,0.627,0.667,0.675
"RXRB.H13CORE.0.P.C",0.955,0.983,0.958,0.966,0.962,0.95,0.837,0.803,0.742,1,0.762,0.755,0.541,0.677,0.878,0.888,0.823,0.925,0.782,0.898,0.718,0.739,0.85,0.787,0.792,0.762,0.409,0.958,0.687,0.701
"RXRB.H13CORE.1.SM.B",0.831,0.982,0.818,0.841,0.849,0.927,0.901,0.98,0.846,0.762,1,0.919,0.622,0.746,0.993,0.994,0.815,0.861,0.976,0.995,0.837,0.861,0.751,0.889,0.843,0.939,0.457,0.77,0.802,0.812
"MA0065.1",0.702,0.981,0.72,0.701,0.84,0.9,0.9,0.973,0.747,0.755,0.919,1,0.526,0.629,0.997,0.997,0.707,0.767,0.98,0.995,0.572,0.593,0.732,0.647,0.565,0.971,0.432,0.64,0.537,0.546
"MA0066.1",0.633,0.612,0.633,0.63,0.599,0.6,0.569,0.55,0.583,0.541,0.622,0.526,1,1,0.642,0.642,0.533,0.64,0.618,0.642,0.406,0.427,0.682,0.33,0.347,0.499,0.992,0.655,0.399,0.397
"MA0066.2",0.795,0.775,0.793,0.789,0.758,0.778,0.464,0.685,0.665,0.677,0.746,0.629,1,1,0.807,0.807,0.659,0.799,0.758,0.806,0.406,0.427,0.852,0.357,0.408,0.591,0.992,0.816,0.399,0.397
"MA0855.1",0.852,0.982,0.833,0.83,0.843,0.929,0.924,0.981,0.795,0.878,0.993,0.997,0.642,0.807,1,0.997,0.875,0.875,0.991,0.991,0.854,0.883,0.8,0.925,0.852,0.996,0.441,0.776,0.814,0.831
"MA0856.1",0.859,0.982,0.84,0.838,0.843,0.95,0.934,0.986,0.815,0.888,0.994,0.997,0.642,0.807,0.997,1,0.887,0.887,0.995,0.995,0.855,0.884,0.819,0.926,0.853,0.997,0.44,0.79,0.815,0.832
"MA1148.1",0.909,0.984,0.93,0.92,0.881,0.923,0.801,0.841,0.692,0.823,0.815,0.707,0.533,0.659,0.875,0.887,1,1,0.761,0.89,0.898,0.909,0.857,0.935,0.813,0.699,0.446,0.857,0.866,0.881
"MA1148.2",0.909,0.984,0.93,0.92,0.881,0.923,0.919,0.9,0.692,0.925,0.861,0.767,0.64,0.799,0.875,0.887,1,1,0.869,0.89,0.888,0.907,0.857,0.941,0.891,0.825,0.488,0.857,0.853,0.869
"MA1550.1",0.878,0.983,0.865,0.884,0.882,0.978,0.95,0.985,0.832,0.782,0.976,0.98,0.618,0.758,0.991,0.995,0.761,0.869,1,1,0.806,0.836,0.798,0.871,0.819,0.989,0.434,0.814,0.757,0.769
"MA1550.2",0.868,0.983,0.853,0.876,0.871,0.976,0.953,0.996,0.839,0.898,0.995,0.995,0.642,0.806,0.991,0.995,0.89,0.89,1,1,0.862,0.889,0.821,0.929,0.863,0.995,0.433,0.801,0.824,0.841
"MA1555.1",0.894,0.903,0.88,0.901,0.894,0.984,0.494,0.813,0.676,0.718,0.837,0.572,0.406,0.406,0.854,0.855,0.898,0.888,0.806,0.862,1,0.994,0.804,0.989,0.948,0.439,0.399,0.827,0.99,0.991
"MA1556.1",0.916,0.926,0.904,0.924,0.917,0.991,0.497,0.827,0.673,0.739,0.861,0.593,0.427,0.427,0.883,0.884,0.909,0.907,0.836,0.889,0.994,1,0.83,0.995,0.957,0.461,0.422,0.852,0.976,0.978
"PPARA_M12541_3.10",0.915,0.955,0.885,0.904,0.803,0.865,0.869,0.827,0.586,0.85,0.751,0.732,0.682,0.852,0.8,0.819,0.857,0.857,0.798,0.821,0.804,0.83,1,0.885,0.801,0.786,0.476,0.911,0.759,0.778
"PPARD_M05794_3.10",0.949,0.955,0.939,0.953,0.942,0.986,0.828,0.873,0.686,0.787,0.889,0.647,0.33,0.357,0.925,0.926,0.935,0.941,0.871,0.929,0.989,0.995,0.885,1,0.947,0.519,0.304,0.901,0.969,0.972
"PPARD_M05796_3.10",0.881,0.89,0.869,0.887,0.882,0.967,0.762,0.766,0.667,0.792,0.843,0.565,0.347,0.408,0.852,0.853,0.813,0.891,0.819,0.863,0.948,0.957,0.801,0.947,1,0.463,0.329,0.82,0.924,0.923
"PPARG_M12496_3.10",0.781,0.981,0.751,0.778,0.843,0.946,0.923,0.972,0.844,0.762,0.939,0.971,0.499,0.591,0.996,0.997,0.699,0.825,0.989,0.995,0.439,0.461,0.786,0.519,0.463,1,0.397,0.696,0.397,0.406
"PPARG_M12497_3.10",0.481,0.48,0.434,0.474,0.486,0.464,0.334,0.384,0.485,0.409,0.457,0.432,0.992,0.992,0.441,0.44,0.446,0.488,0.434,0.433,0.399,0.422,0.476,0.304,0.329,0.397,1,0.439,0.391,0.389
"PPARG_M12498_3.10",0.946,0.966,0.95,0.949,0.928,0.876,0.886,0.845,0.627,0.958,0.77,0.64,0.655,0.816,0.776,0.79,0.857,0.857,0.814,0.801,0.827,0.852,0.911,0.901,0.82,0.696,0.439,1,0.782,0.801
"RXRA_M03621_3.10",0.855,0.864,0.84,0.864,0.859,0.971,0.493,0.788,0.667,0.687,0.802,0.537,0.399,0.399,0.814,0.815,0.866,0.853,0.757,0.824,0.99,0.976,0.759,0.969,0.924,0.397,0.391,0.782,1,1
"RXRA_M03623_3.10",0.872,0.881,0.857,0.88,0.875,0.978,0.498,0.803,0.675,0.701,0.812,0.546,0.397,0.397,0.831,0.832,0.881,0.869,0.769,0.841,0.991,0.978,0.778,0.972,0.923,0.406,0.389,0.801,1,1
