"position","base","probability","n_motifs_covering","A","C","G","T"
1,"C",0.714,1,0.143,0.714,0.143,0
2,"A",0.571,1,0.571,0.143,0,0.286
3,"G",0.508,3,0.36,0.055,0.508,0.077
4,"A",0.46,11,0.46,0.169,0.197,0.175
5,"A",0.384,12,0.384,0.195,0.178,0.243
6,"A",0.324,18,0.324,0.255,0.265,0.155
7,"T",0.362,23,0.235,0.097,0.306,0.362
8,"A",0.525,24,0.525,0.049,0.385,0.042
9,"G",0.843,24,0.072,0.033,0.843,0.052
10,"G",0.8,24,0.067,0.037,0.8,0.096
11,"T",0.65,24,0.065,0.108,0.177,0.65
12,"C",0.693,26,0.081,0.693,0.124,0.102
13,"A",0.828,26,0.828,0.056,0.066,0.05
14,"A",0.545,28,0.545,0.139,0.217,0.099
15,"A",0.656,28,0.656,0.046,0.255,0.042
16,"G",0.824,28,0.105,0.032,0.824,0.038
17,"G",0.679,28,0.029,0.073,0.679,0.22
18,"T",0.699,28,0.036,0.119,0.146,0.699
19,"C",0.72,28,0.112,0.72,0.066,0.102
20,"A",0.7,28,0.7,0.16,0.081,0.059
21,"T",0.346,18,0.194,0.341,0.12,0.346
22,"G",0.447,12,0.182,0.203,0.447,0.168
23,"A",0.61,11,0.61,0.122,0.183,0.086
24,"C",0.566,9,0.139,0.566,0.194,0.101
25,"C",0.476,8,0.129,0.476,0.069,0.326
26,"T",0.572,5,0.036,0.364,0.028,0.572
27,"C",0.515,4,0.066,0.515,0.092,0.326
