dataset	score	auc	lo	hi	adj_or	or_lo	or_hi
GSE17251 hepatocyte Wy14643 24h	v3	0.5216034927079944	0.50223779675568	0.5409738803063145	1.0935419494416576	1.0152216618919936	1.177904333680266
GSE17251 hepatocyte Wy14643 24h	v3-noTSS	0.5215180234059097	0.5008111907500676	0.5420570414025825	1.093021420475434	1.0127669075569923	1.179635527882713
GSE17251 hepatocyte Wy14643 24h	original sum	0.5137342828904052	0.49437041815034954	0.5332364776718131	1.1576196954561118	1.040986633283561	1.2873204289673787
GSE17251 hepatocyte Wy14643 24h	hit count	0.5125613522939227	0.4926593059189974	0.5316251044497503	1.1454167752729054	1.0280115366231222	1.2762304140926821
GSE17251 hepatocyte Wy14643 24h	GC only	0.49019608292431804	0.4710941054060288	0.5084468809051343			
GSE17251 hepatocyte Wy14643 24h	promoter length only	0.5071152239234611	0.48691928994028605	0.5274279411292946			
GSE17251 hepatocyte Wy14643 24h	#TSS only	0.5025641554426149	0.4820967313529508	0.5213820649658352			
GSE17251 hepatocyte Wy14643 24h	ATAC only	0.5299936910059408	0.5097651455956959	0.548888734855741	1.0098430267531295	0.9368060916622574	1.0885741966861375
GSE17251 hepatocyte Wy14643 24h	v3 + ATAC (v4 simplest)	0.5354495196457186	0.5134623621912526	0.5546147771000319	1.071687978730359	0.996249897672327	1.1528383856686892
GSE53399 hepatocyte GW7647 24h 10uM	v3	0.5212891887061368	0.5004026375566931	0.5404348317576124	1.1245759648603468	1.0412041806223098	1.2146235332878783
GSE53399 hepatocyte GW7647 24h 10uM	v3-noTSS	0.5202184928378405	0.49935674038871347	0.5394699146529061	1.1280640005161786	1.0422251826601612	1.2209725982753372
GSE53399 hepatocyte GW7647 24h 10uM	original sum	0.5217996367363711	0.5038708504615648	0.5404620440682472	1.0557601528431118	0.9483354555109892	1.1753536091621903
GSE53399 hepatocyte GW7647 24h 10uM	hit count	0.5204619925116976	0.5018225431203704	0.540227292777042	1.0551494528053968	0.946431378341434	1.1763561450240512
GSE53399 hepatocyte GW7647 24h 10uM	GC only	0.51902921690566	0.5003140634046265	0.5392668553636379			
GSE53399 hepatocyte GW7647 24h 10uM	promoter length only	0.5090951099949437	0.48743461770245683	0.5280990651460922			
GSE53399 hepatocyte GW7647 24h 10uM	#TSS only	0.5111096726197296	0.49162441511958827	0.5300109452645119			
GSE53399 hepatocyte GW7647 24h 10uM	ATAC only	0.5127772023812252	0.4944304929875455	0.5303362938249765	0.9898904901993326	0.9183171931086067	1.0670421831808032
GSE53399 hepatocyte GW7647 24h 10uM	v3 + ATAC (v4 simplest)	0.5244495670013641	0.5051136210876217	0.5445621550484937	1.0751053930196506	0.9983946594080633	1.1577101251575488
