motif,receptor,type,database
PPARA.H13CORE.0.P.B,PPARA,PPAR,HOCOMOCO
PPARA.H13CORE.1.P.B,PPARA,PPAR,HOCOMOCO
PPARA_M12541_3.10,PPARA,PPAR,CIS-BP
PPARD.H13CORE.0.PSM.A,PPARD,PPAR,HOCOMOCO
PPARG.H13CORE.0.P.B,PPARG,PPAR,HOCOMOCO
PPARG.H13CORE.1.P.B,PPARG,PPAR,HOCOMOCO
PPARG_M12496_3.10,PPARG,PPAR,CIS-BP
PPARG_M12497_3.10,PPARG,PPAR,CIS-BP
PPARG_M12498_3.10,PPARG,PPAR,CIS-BP
RXRA.H13CORE.1.S.C,RXRA,RXR,HOCOMOCO
RXRA.H13CORE.3.P.B,RXRA,RXR,HOCOMOCO
RXRA_M03621_3.10,RXRA,RXR,CIS-BP
RXRA_M03623_3.10,RXRA,RXR,CIS-BP
