gold	set	n_pos	auroc	auprc	matched_auroc	auprc_baseline	d_auroc	d_lo	d_hi	d_auprc	d_matched
human activation (primary)	all 42	136	0.549350431462437	0.008328346924509724	0.5545215181660899	0.007034967928822677					
human activation (primary)	reliable-25	136	0.5562634448966084	0.008722279065986287	0.5597215614186852	0.007034967928822677	0.006913013434171389	-0.025965212383400965	0.040503143654315184	0.0003939321414765627	0.0019647491349481516
human activation (primary)	PPAR-centric (9)	136	0.5811790216711815	0.009091960450729823	0.5785245458477508	0.007034967928822677	0.03182859020874451	-0.008824946680068122	0.07336064671101822	0.0007636135262200985	0.021479509083044857
human activation (primary)	no RXR half-sites (20)	136	0.5607061979824228	0.00847891331313945	0.5630305201124567	0.007034967928822677	0.011355766519985822	-0.024425608927411364	0.047948125873343746	0.00015056638862972517	0.007597183174740341
human activation (primary)	S0 remove RXR half-sites only (28)	136	0.5528767482196045	0.007902441414407567	0.557209937283737	0.007034967928822677	0.0035263167571675247	-0.019215802464974223	0.02541150576713282	-0.0004259055101021574	0.0012908196366780977
human activation (primary)	DR1 (22)	136	0.5654908191657576	0.008595533222161215	0.5692552443771627	0.007034967928822677	0.016140387703320602	-0.018342602395719717	0.05201831934195854	0.0002671862976514911	0.010218966262975804
human activation (primary)	DR1-Q (20)	136	0.556461670936347	0.008508278786944339	0.5579019788062284	0.007034967928822677	0.007111239473910014	-0.029348806391956743	0.04615743131228322	0.00017993186243461454	0.003393166089965538
human activation (primary)	DR1-NR (5)	136	0.5396434842430409	0.008347447574678339	0.5389691014273356	0.007034967928822677	-0.009706947219396134	-0.05446815378969879	0.0367069617751247	1.9100650168614453e-05	-0.01898775410899667
human activation (primary)	SOFT weights	136	0.5642041693735215	0.008816566503015816	0.5749075475778547	0.007034967928822677	0.014853737911084464	-0.010687419177402171	0.0418459957956927	0.0004882195785060918	0.0156536548442906
human all	all 42	182	0.5434281123576162	0.010932855798823273	0.5489554401642314	0.00941444237533623					
human all	reliable-25	182	0.5551882190916133	0.011684522756696493	0.5561438081149619	0.00941444237533623	0.011760106733997078	-0.019515705247754818	0.0425398853757209	0.0007516669578732198	0.011027880086945885
human all	PPAR-centric (9)	182	0.5790504404211976	0.012308201402090657	0.5766146147808237	0.00941444237533623	0.03562232806358134	-0.002612224916076113	0.07157223194560006	0.001375345603267384	0.029799163748339685
human all	no RXR half-sites (20)	182	0.5598450635526353	0.011635250835112595	0.5597565209515758	0.00941444237533623	0.01641695119501907	-0.016895529079275832	0.04854788683900962	0.000702395036289322	0.012437960391256997
human all	S0 remove RXR half-sites only (28)	182	0.5483375893036467	0.010686438248066005	0.5539931771525177	0.00941444237533623	0.0049094769460305	-0.013484298338736994	0.021260659053740028	-0.00024641755075726843	0.006542537133196413
human all	DR1 (22)	182	0.5634017157776949	0.011762758859636315	0.5640346123656563	0.00941444237533623	0.0199736034200787	-0.014045437265084879	0.05253687989556142	0.000829903060813042	0.01515706134524819
human all	DR1-Q (20)	182	0.556184833443319	0.011655826264342929	0.5557660608622146	0.00941444237533623	0.012756721085702805	-0.02208233509310534	0.04748820761483947	0.0007229704655196557	0.006797035382200112
human all	DR1-NR (5)	182	0.5422909075258945	0.011628310649197206	0.5415401974399228	0.00941444237533623	-0.0011372048317217498	-0.04354307376696408	0.03898769474650669	0.0006954548503739326	-0.005742739403453712
human all	SOFT weights	182	0.5584233781883913	0.011639413769405457	0.5678111037314335	0.00941444237533623	0.01499526583077504	-0.009686978165437742	0.038578838263564154	0.0007065579705821841	0.019061707523246096
PPARA (all evidence)	all 42	57	0.5669956993651444	0.0036591706038125622	0.574355186211142	0.0029484792054624456					
PPARA (all evidence)	reliable-25	57	0.5679463899697362	0.004489004255269385	0.5689896891351185	0.0029484792054624456	0.0009506906045918528	-0.05352235647484473	0.05707428265865694	0.0008298336514568228	-0.010477839335179984
PPARA (all evidence)	PPAR-centric (9)	57	0.6066393610485358	0.004965165106639585	0.6097160664819945	0.0029484792054624456	0.039643661683391396	-0.016509534211664047	0.09594319293694678	0.0013059945028270226	0.03313250230840259
PPARA (all evidence)	no RXR half-sites (20)	57	0.5823846906501012	0.004370862481142743	0.5807933210218528	0.0029484792054624456	0.015388991284956854	-0.03648212619746512	0.06639365599472091	0.0007116918773301811	0.010522468451831135
PPARA (all evidence)	S0 remove RXR half-sites only (28)	57	0.5792895988349603	0.0036925124440938114	0.586709756848261	0.0029484792054624456	0.012293899469815961	-0.01278549161489974	0.03978637904748896	3.3341840281249195e-05	0.010257002154509087
PPARA (all evidence)	DR1 (22)	57	0.5842505745557148	0.0043961705449029895	0.5851969836872885	0.0029484792054624456	0.01725487519057045	-0.034666211573031104	0.06947528841559152	0.0007369999410904273	0.012152970144660102
PPARA (all evidence)	DR1-Q (20)	57	0.5809493253236854	0.004402243246410192	0.5825807940904895	0.0029484792054624456	0.013953625958540994	-0.04458249709877805	0.07031611941656991	0.0007430726425976296	0.010663281009541503
PPARA (all evidence)	DR1-NR (5)	57	0.5676473934512026	0.004224010601199953	0.5685257002154509	0.0029484792054624456	0.0006516940860582521	-0.0641834823764989	0.07149655266571098	0.0005648399973873907	-0.004598337950138531
PPARA (all evidence)	SOFT weights	57	0.5924072177850592	0.004625598195558952	0.6001769775315482	0.0029484792054624456	0.025411518419914847	-0.01585002389241585	0.06941795799485745	0.0009664275917463895	0.028244075100030908
PPARD (all evidence)	all 42	71	0.5060521479951826	0.0038985242476607114	0.5057637373536996	0.0036726670804883097					
PPARD (all evidence)	reliable-25	71	0.5148614546946285	0.004127577839285205	0.5160221186272563	0.0036726670804883097	0.008809306699445907	-0.04069230423295705	0.060046170799784436	0.00022905359162449365	0.008484923626264407
PPARD (all evidence)	PPAR-centric (9)	71	0.5569884704624611	0.004883750931864204	0.554203035112081	0.0036726670804883097	0.05093632246727853	-0.00756756153973839	0.10834407044520376	0.0009852266842034925	0.04423874231303315
PPARD (all evidence)	no RXR half-sites (20)	71	0.5267496678320273	0.00464406804940948	0.5262919063677842	0.0036726670804883097	0.020697519836844647	-0.03662850238861132	0.07351624021685806	0.0007455438017487689	0.016942570918468736
PPARD (all evidence)	S0 remove RXR half-sites only (28)	71	0.4999345535859882	0.003907760163003201	0.5000753818686768	0.0036726670804883097	-0.0061175944091944046	-0.033609804823437214	0.019896770164625134	9.235915342489538e-06	-0.007855584209482402
PPARD (all evidence)	DR1 (22)	71	0.526112753568292	0.004645814968546524	0.5266256695100178	0.0036726670804883097	0.020060605573109402	-0.037621779689089335	0.07327125491122322	0.0007472907208858127	0.016278516167426926
PPARD (all evidence)	DR1-Q (20)	71	0.5226422655135423	0.004539695437847488	0.525056040468161	0.0036726670804883097	0.016590117518359704	-0.03856275470172159	0.0691874443796887	0.0006411711901867768	0.014716822059115175
PPARD (all evidence)	DR1-NR (5)	71	0.5092794971375421	0.004642256232313478	0.5090180519738146	0.0036726670804883097	0.003227349142359448	-0.06437614576927321	0.06756125638102538	0.000743731984652767	0.004067645308470258
PPARD (all evidence)	SOFT weights	71	0.5151802774489207	0.003995981846522039	0.5220392779210474	0.0036726670804883097	0.009128129453738087	-0.032565769989857614	0.04941760003977973	9.745759886132773e-05	0.012255504860146926
PPARG (all evidence)	all 42	81	0.5709179128741749	0.00562184733175727	0.5810219478737997	0.004189944134078212					
PPARG (all evidence)	reliable-25	81	0.5684315902140085	0.005571347717681218	0.5701874714220393	0.004189944134078212	-0.0024863226601664623	-0.05029796431931387	0.046582540846042256	-5.049961407605202e-05	-0.0075422953818015115
PPARG (all evidence)	PPAR-centric (9)	81	0.582424129322126	0.005331917064023891	0.5776253619875018	0.004189944134078212	0.011506216447951023	-0.04945539946297484	0.07330531490748277	-0.0002899302677333796	0.0017306812985824482
PPARG (all evidence)	no RXR half-sites (20)	81	0.5703805029208039	0.005171596768993519	0.5756835848193873	0.004189944134078212	-0.0005374099533710375	-0.05418086346003509	0.054859535916364055	-0.00045025056276375153	-0.00018518518518517713
PPARG (all evidence)	S0 remove RXR half-sites only (28)	81	0.5758450258476231	0.005268424262445783	0.586187319006249	0.004189944134078212	0.004927112973448167	-0.023153759528926156	0.031129760134313973	-0.0003534230693114874	0.007699283645785648
PPARG (all evidence)	DR1 (22)	81	0.5772616590063303	0.005261227052322243	0.5808428593202256	0.004189944134078212	0.006343746132155381	-0.04529593941247885	0.05950104564072663	-0.00036062027943502706	0.0030246913580247448
PPARG (all evidence)	DR1-Q (20)	81	0.562927947946908	0.005210017431101944	0.5678882792257276	0.004189944134078212	-0.00798996492726689	-0.06396786506521066	0.04635447829870622	-0.0004118299006553262	-0.01113168724279856
PPARG (all evidence)	DR1-NR (5)	81	0.5444363640561241	0.005167377655251089	0.5405898491083676	0.004189944134078212	-0.02648154881805087	-0.09541611915622789	0.03346284400169057	-0.0004544696765061808	-0.03701265051059288
PPARG (all evidence)	SOFT weights	81	0.5667706215037089	0.00541441426087543	0.5812841030330742	0.004189944134078212	-0.004147291370465989	-0.0458216215800238	0.03742665925323099	-0.00020743307088184025	0.0034926078341717126
