set	heldout	n_motifs	hits_kept	precision_kept	precision_removed	mh_or	lo	hi
S0 remove RXR half-sites only (28)	PPARG_adipocyte	28	462392	0.047178584404574474	0.02715654011667952	1.6899890560393986	1.6363091259268194	1.7454299828067261
S0 remove RXR half-sites only (28)	PPARG_digestive_tract	28	462392	0.01846917766743369	0.010643621185986683	1.6843364950635737	1.600463268378941	1.7726051479310372
S0 remove RXR half-sites only (28)	PPARG_liver	28	462392	0.014230350006055468	0.008971724937745413	1.528114587212388	1.4448902061706486	1.6161326180208717
S0 remove RXR half-sites only (28)	RXRA_liver	28	462392	0.08861096212737245	0.07792567126045671	0.9802946760666517	0.9601168234745477	1.0008965871954607
S0 remove RXR half-sites only (28)	RXRA_breast	28	462392	0.007616913787435769	0.007187976475713352	0.9051050752635789	0.8478032102414016	0.9662798953481518
S0 remove RXR half-sites only (28)	RXRA_other_cells	28	462392	0.012206093531029949	0.00960751646876674	1.078477799399588	1.0203077315761082	1.139964275288859
DR1 (22)	PPARG_adipocyte	22	269981	0.0658453743041177	0.023879451691794697	3.002917287812373	2.9248674629768687	3.083049865194433
DR1 (22)	PPARG_digestive_tract	22	269981	0.02705375563465577	0.008402387117075838	3.3651378452073364	3.224447280043038	3.5119670857498173
DR1 (22)	PPARG_liver	22	269981	0.021745974716739325	0.0061637747806932795	3.7276167065210446	3.5493783708939666	3.91480559657411
DR1 (22)	RXRA_liver	22	269981	0.10311836758883032	0.0727894048217115	1.6281904411769628	1.5990951197130476	1.657815148116859
DR1 (22)	RXRA_breast	22	269981	0.008852474803782488	0.006495012117765915	1.4875479863755123	1.404897798793253	1.5750604874394003
DR1 (22)	RXRA_other_cells	22	269981	0.016082613220930363	0.008098752891425922	2.2465401649910652	2.1425910524371377	2.355532432181739
DR1-Q (20)	PPARG_adipocyte	20	252597	0.06636262505097051	0.025456853727789455	2.814031315467134	2.7427062396967505	2.887211225838475
DR1-Q (20)	PPARG_digestive_tract	20	252597	0.027149966151617	0.009192386912569602	3.065841243390804	2.9422429301458033	3.1946316986171786
DR1-Q (20)	PPARG_liver	20	252597	0.021714430496007475	0.00689824106705438	3.3008405088691712	3.1498353973949382	3.4590849013897107
DR1-Q (20)	RXRA_liver	20	252597	0.10212710364731173	0.07483761872402295	1.5346169214786707	1.50720984976211	1.5625223628019553
DR1-Q (20)	RXRA_breast	20	252597	0.008883715958621837	0.006582170456880067	1.4518943903212833	1.3711285985506003	1.5374176593462812
DR1-Q (20)	RXRA_other_cells	20	252597	0.016128457582631622	0.00843381744815125	2.1235170471019016	2.0264531162334882	2.225230188258061
DR1-NR (5)	PPARG_adipocyte	5	77973	0.06815179613455939	0.03809224840605752	1.8649294303367057	1.807795045514581	1.923869516494887
DR1-NR (5)	PPARG_digestive_tract	5	77973	0.026765675297859514	0.014903858296980259	1.8271198929859596	1.7404568493469486	1.9180981732455136
DR1-NR (5)	PPARG_liver	5	77973	0.01992997576084029	0.011817004218039063	1.7221871689247858	1.6287599418169703	1.820973471081634
DR1-NR (5)	RXRA_liver	5	77973	0.09242943070037064	0.0847991830932046	1.1206846043958085	1.0915332368031485	1.1506145119393099
DR1-NR (5)	RXRA_breast	5	77973	0.008528593230990214	0.007357212702467679	1.186435395875662	1.09285951910902	1.2880236882909177
DR1-NR (5)	RXRA_other_cells	5	77973	0.015749041334821027	0.010911334581786298	1.4927160054775568	1.4031030446672956	1.5880523397604238
reliable-25	PPARG_adipocyte	25	315266	0.06293098526323802	0.0207827933108933	3.3185074245213886	3.225242825502863	3.4144689632435883
reliable-25	PPARG_digestive_tract	25	315266	0.025838498283988758	0.0069465256330581435	3.9112806194560505	3.7297233811466546	4.101675786859373
reliable-25	PPARG_liver	25	315266	0.02091884313563784	0.004760357484234668	4.683504125236175	4.427516907719421	4.954291840841986
reliable-25	RXRA_liver	25	315266	0.10219941255955288	0.06937061701677955	1.7253058815345572	1.6939128635090837	1.7572807013763925
reliable-25	RXRA_breast	25	315266	0.008592743905146765	0.006416545475767603	1.4749506314652485	1.3921799566632753	1.5626423544222277
reliable-25	RXRA_other_cells	25	315266	0.015390178452481397	0.007646856555192071	2.3144259476856694	2.2030389904667853	2.4314446954866407
PPAR-centric (9)	PPARG_adipocyte	9	123685	0.07221570926143024	0.034402073247944254	2.2429124065311434	2.184489165250912	2.302898152755773
PPAR-centric (9)	PPARG_digestive_tract	9	123685	0.029122367304038485	0.013264539673675807	2.265577413177156	2.1745703440235973	2.3603931825912894
PPAR-centric (9)	PPARG_liver	9	123685	0.022015604155718155	0.010580564480291954	2.1646051014280774	2.0661581120646657	2.267742830410169
PPAR-centric (9)	RXRA_liver	9	123685	0.09543598657880907	0.08338216267445839	1.2454710378953797	1.2186502277093123	1.272882137109981
PPAR-centric (9)	RXRA_breast	9	123685	0.008917815418199459	0.007157267182356943	1.3334824267360599	1.2461959884722749	1.426882608243488
PPAR-centric (9)	RXRA_other_cells	9	123685	0.016372235921898372	0.010324947795207777	1.7421451988228387	1.6540356624645487	1.8349482799295564
no RXR half-sites (20)	PPARG_adipocyte	20	254952	0.06604380432395117	0.025416968145303427	2.8018547844789263	2.730735256390139	2.874826556304537
no RXR half-sites (20)	PPARG_digestive_tract	20	254952	0.026938404091750603	0.009223258513624185	3.028304144736514	2.906168110186855	3.1555731276807366
no RXR half-sites (20)	PPARG_liver	20	254952	0.021506008974238287	0.006946597863278444	3.243123589611534	3.0948035747096814	3.398551915683846
no RXR half-sites (20)	RXRA_liver	20	254952	0.10218001819950422	0.07463153347274236	1.53992741854362	1.5124377116123164	1.5679167718282025
no RXR half-sites (20)	RXRA_breast	20	254952	0.008817346010229377	0.006612652296405844	1.4336846578294593	1.3539235199798407	1.5181446128701408
no RXR half-sites (20)	RXRA_other_cells	20	254952	0.01599909002478898	0.008473206168981758	2.09638944283809	2.0005275222890826	2.196844905694793
