test	score	auc	lo	hi
GSE17251 Wy14643 top 5%	promoter	0.5215219187896508	0.5031313767813743	0.5427713955861483
GSE17251 Wy14643 top 1%	promoter	0.5395377592618924	0.4943747737024262	0.5851584431166691
GSE53399 GW7647 top 5%	promoter	0.5202176526570336	0.4989602170568925	0.5401755156800653
GSE53399 GW7647 top 1%	promoter	0.5711168069284072	0.5230642762069082	0.6135698194896633
literature genes tiers 1-3	promoter	0.5977646465170458	0.5233735209646918	0.6703270972944677
GSE17251 Wy14643 top 5%	promoter + liver ATAC	0.5472438250529695	0.5283289586646319	0.5662903153122189
GSE17251 Wy14643 top 1%	promoter + liver ATAC	0.5720846642440305	0.525348983841437	0.6168371991433308
GSE53399 GW7647 top 5%	promoter + liver ATAC	0.5282274781896701	0.5096595911985714	0.5458601828386196
GSE53399 GW7647 top 1%	promoter + liver ATAC	0.5947943129129244	0.5506607797536417	0.6362187892585062
literature genes tiers 1-3	promoter + liver ATAC	0.5820945356453994	0.5077925176965484	0.6620083519219795
GSE17251 Wy14643 top 5%	10 kb	0.5117711622450242	0.491634327343608	0.5315908823578834
GSE17251 Wy14643 top 1%	10 kb	0.5277794472695503	0.4861595945773604	0.5679132944968828
GSE53399 GW7647 top 5%	10 kb	0.5219012222339339	0.5028845240222969	0.5413084135706003
GSE53399 GW7647 top 1%	10 kb	0.5673846377113271	0.5258045199413056	0.6121424773189363
literature genes tiers 1-3	10 kb	0.5803873669516664	0.5017428919060397	0.654649323027442
GSE17251 Wy14643 top 5%	10 kb + liver ATAC	0.5397280258347961	0.5193109849057699	0.5594157191718567
GSE17251 Wy14643 top 1%	10 kb + liver ATAC	0.565016850465495	0.5210691561720785	0.6066258921804751
GSE53399 GW7647 top 5%	10 kb + liver ATAC	0.5303299160888514	0.5111005910290076	0.5511153018311359
GSE53399 GW7647 top 1%	10 kb + liver ATAC	0.5923008251524164	0.5494255248271344	0.6371587395939763
literature genes tiers 1-3	10 kb + liver ATAC	0.5767994831334563	0.4939943267294515	0.660507481831858
GSE17251 Wy14643 top 5%	50 kb	0.487911478550184	0.46839258899424246	0.5074490048440243
GSE17251 Wy14643 top 1%	50 kb	0.5041741366243658	0.46007399839044705	0.5504981295177058
GSE53399 GW7647 top 5%	50 kb	0.5203938614862645	0.49879595598063614	0.5396448632109266
GSE53399 GW7647 top 1%	50 kb	0.546442125723969	0.5011078777941795	0.5918886245798377
literature genes tiers 1-3	50 kb	0.5342362778063354	0.458972515527218	0.6114447504562668
GSE17251 Wy14643 top 5%	50 kb + liver ATAC	0.5198496534636072	0.49997603193298107	0.5395784564656496
GSE17251 Wy14643 top 1%	50 kb + liver ATAC	0.5458740913282036	0.4975518358871671	0.5935648116251354
GSE53399 GW7647 top 5%	50 kb + liver ATAC	0.5306693491348429	0.5095462278936972	0.5538054423857469
GSE53399 GW7647 top 1%	50 kb + liver ATAC	0.5745470017312222	0.5359932796033874	0.621744997999053
literature genes tiers 1-3	50 kb + liver ATAC	0.5525473126240881	0.462742764575778	0.6358674020382273
GSE17251 Wy14643 top 5%	liver ATAC at promoter only	0.5175493911744353	0.5080183400013137	0.5269342260636307
GSE17251 Wy14643 top 1%	liver ATAC at promoter only	0.5460481663849704	0.5318384744721678	0.5577005857717279
GSE53399 GW7647 top 5%	liver ATAC at promoter only	0.5162811764364419	0.5061611069611271	0.5264784107903657
GSE53399 GW7647 top 1%	liver ATAC at promoter only	0.5277933732740916	0.5077778292877069	0.5464610815814664
literature genes tiers 1-3	liver ATAC at promoter only	0.5372865449640881	0.4963991827283574	0.5671497946210038
GSE17251 Wy14643 top 5%	GC only	0.49019608292431804	0.47221428983335395	0.5079438188279937
GSE17251 Wy14643 top 1%	GC only	0.4940695376713082	0.454323671679051	0.534574375491991
GSE53399 GW7647 top 5%	GC only	0.51902921690566	0.4994236512424747	0.537598547480145
GSE53399 GW7647 top 1%	GC only	0.49807894432090205	0.45221068450710006	0.5375352089706924
literature genes tiers 1-3	GC only	0.5409597872169849	0.4868213414950459	0.606248826911015
GSE17251 Wy14643 top 5%	promoter length only	0.5071152239234611	0.4861139584965958	0.528236054717157
GSE17251 Wy14643 top 1%	promoter length only	0.5496971460486062	0.5081881104537386	0.5912780517373057
GSE53399 GW7647 top 5%	promoter length only	0.5090951099949437	0.4894790401621702	0.5287906179682595
GSE53399 GW7647 top 1%	promoter length only	0.514314650010188	0.4705587222964128	0.5564761189178176
literature genes tiers 1-3	promoter length only	0.4865996689413196	0.41414172329719356	0.5599392587492396
GSE17251 Wy14643 top 5%	original sum	0.5137342828904052	0.49499941187343516	0.5333339653784404
GSE17251 Wy14643 top 1%	original sum	0.5598272149310223	0.51610604725753	0.5999173693191063
GSE53399 GW7647 top 5%	original sum	0.5217996367363711	0.5033398638296053	0.5437133509313022
GSE53399 GW7647 top 1%	original sum	0.5292061297874305	0.4919647869980958	0.5686621745529385
literature genes tiers 1-3	original sum	0.5659018991072734	0.49087940409437536	0.637981084382236
