agonist	top	n_expressed	score	auc_tfa	auc_layer	diff	lo	hi
WY14643	5%	7067	K27-HEART	0.5361069550666191	0.5600799479502895	0.023972992883670385	0.010436587199720477	0.03707328815269942
WY14643	5%	7067	K27-LIVER	0.5361069550666191	0.5595985218827346	0.023491566816115528	0.008079455975885658	0.038301209430043844
WY14643	1%	7067	K27-HEART	0.5042398473171792	0.5274583464192818	0.023218499102102608	-0.016553875856626325	0.058391163159632484
WY14643	1%	7067	K27-LIVER	0.5042398473171792	0.5352374395026535	0.030997592185474265	-0.006920302547129479	0.06584612736453019
Rosiglitazone	5%	7066	K27-HEART	0.5149612459694078	0.5247443862886649	0.009783140319257089	-0.0043732426491408845	0.023460251535117074
Rosiglitazone	5%	7066	K27-LIVER	0.5149612459694078	0.523244189427389	0.008282943457981196	-0.006079553055274374	0.02309327299911508
Rosiglitazone	1%	7066	K27-HEART	0.49835999557027655	0.5065630379848786	0.008203042414602013	-0.03024121857664933	0.044193135942171946
Rosiglitazone	1%	7066	K27-LIVER	0.49835999557027655	0.5180299811736754	0.019669985603398832	-0.016587200112756603	0.05132453764761551
GW0742	5%	7097	K27-HEART	0.5602546157992153	0.5545915660083313	-0.005663049790884056	-0.0193622175055674	0.007356303349614134
GW0742	5%	7097	K27-LIVER	0.5602546157992153	0.5633543772274704	0.0030997614282550767	-0.011247320768276208	0.01851554894481098
GW0742	1%	7097	K27-HEART	0.5726476708242624	0.5458277704943009	-0.02681990032996151	-0.061097412828808886	0.007872168965973399
GW0742	1%	7097	K27-LIVER	0.5726476708242624	0.5541870637431191	-0.018460607081143277	-0.05622231109400501	0.014570528780425274
