contrast	subset	n	auc_tfa	auc_k27	diff	lo	hi	or_tfa	or_k27
GSE17251 top 5%	all mapped genes, expression as covariate	16604	0.5255376011463121	0.5581874855832611	0.03264988443694905	0.023213386066135957	0.04274858849624442	1.1163192899384182	1.181613621300818
GSE17251 top 1%	all mapped genes, expression as covariate	16604	0.5376518850679516	0.6007612393850863	0.06310935431713471	0.043795635150408185	0.08299685235649978	1.1866806615319727	1.338986477764196
GSE17251 top 5%	top expression quartile	4151	0.5571667902222048	0.5763585419145906	0.01919175169238574	0.002809933377553173	0.03352941678534501	1.2368583057645475	1.3302077504216239
GSE17251 top 1%	top expression quartile	4151	0.6346231848787215	0.6598465621342233	0.025223377255501833	-0.008861645169140855	0.050725469063264084	1.8319492764636924	2.31283811965529
GSE17251 top 5%	top expression decile	1661	0.5786339273443584	0.599653366316979	0.021019438972620597	0.0005031532976010668	0.046849565562630764	1.3656811014991728	1.5637846750859683
GSE17251 top 1%	top expression decile	1661	0.6177544010304852	0.6459496207242021	0.028195219693716966	-0.016680978960927365	0.07365464433948754	1.7639756806858118	2.2088963761051805
GSE53399 top 5%	all mapped genes, expression as covariate	16604	0.523804613661951	0.5367786093021764	0.012973995640225389	0.003732654085341003	0.02067696804716012	1.1233378402804466	1.1518644122066655
GSE53399 top 1%	all mapped genes, expression as covariate	16604	0.5714961073152569	0.6052604382733513	0.03376433095809439	0.01561566866077278	0.05464792311965958	1.356744683307994	1.4709656488816931
GSE53399 top 5%	top expression quartile	4151	0.5545209134005735	0.560811272166839	0.006290358766265491	-0.009110351352933171	0.02007763270840249	1.233328208702521	1.2994568261626371
GSE53399 top 1%	top expression quartile	4151	0.5985119771929215	0.622843004322683	0.02433102712976154	-0.008223527912016606	0.05836838994541598	1.4813568704707265	1.7199220213769222
GSE53399 top 5%	top expression decile	1661	0.5739001633912074	0.581161146487089	0.007260983095881635	-0.01840727930734343	0.03425908959030034	1.3268815295657932	1.4091577543934681
GSE53399 top 1%	top expression decile	1661	0.6105266924287963	0.617360812938314	0.006834120509517705	-0.05659617861743239	0.0671085587519679	1.4201283638720257	1.4711777984052405
