variant	heldout	n_selected	or_all42	or_selected	random_p90	beats_all	beats_p90
S2 PPAR-centric	PPARG_adipocyte	9	1.1565013024692918	1.2964349004363067	1.2537459623837321	True	True
S2 PPAR-centric	PPARG_digestive_tract	9	1.2708433894842144	1.5235773422797056	1.4322803307449277	True	True
S2 PPAR-centric	PPARG_liver	9	1.2523729384646238	1.450174984377467	1.4041626726049925	True	True
S2 PPAR-centric	RXRA_liver	9	0.9490307069032557	0.9558514220091787	1.0480943286894917	True	False
S2 PPAR-centric	RXRA_breast	9	1.094577929690974	1.0923342509209983	1.1248952476843264	False	False
S2 PPAR-centric	RXRA_other_cells	9	1.1601747777150437	1.2047147837582362	1.2033977873945665	True	True
S1 no RXR half-sites	PPARG_adipocyte	20	1.1565013024692918	1.2962647475507143	1.2174051941182922	True	True
S1 no RXR half-sites	PPARG_digestive_tract	20	1.2708433894842144	1.5155721885332294	1.411675876679036	True	True
S1 no RXR half-sites	PPARG_liver	20	1.2523729384646238	1.4533040700670543	1.4023414667000456	True	True
S1 no RXR half-sites	RXRA_liver	20	0.9490307069032557	0.9521990957709686	1.0392316142512357	True	False
S1 no RXR half-sites	RXRA_breast	20	1.094577929690974	1.1097677806455786	1.145239038026663	True	False
S1 no RXR half-sites	RXRA_other_cells	20	1.1601747777150437	1.2245169782880265	1.2087475441695599	True	True
reliable-25 (ref)	PPARG_adipocyte	25	1.1565013024692918	1.2732629631069525	1.2189713056832832	True	True
reliable-25 (ref)	PPARG_digestive_tract	25	1.2708433894842144	1.482285431730054	1.3660488887420836	True	True
reliable-25 (ref)	PPARG_liver	25	1.2523729384646238	1.445220700929654	1.4065193763710626	True	True
reliable-25 (ref)	RXRA_liver	25	0.9490307069032557	0.9419464087236683	1.0216244778904475	False	False
reliable-25 (ref)	RXRA_breast	25	1.094577929690974	1.0761033766580772	1.137630603696428	False	False
reliable-25 (ref)	RXRA_other_cells	25	1.1601747777150437	1.201595490071943	1.2060559638023365	True	False
