variant	n_motifs	contrast	auc_all42	auc_variant	diff	lo	hi
S2 PPAR-centric	9	GSE17251 top 5%	0.5349904754048526	0.5617125023486873	0.026722026943834742	0.0003225988778240263	0.05310303595515577
S2 PPAR-centric	9	GSE17251 top 1%	0.5674407082032962	0.6238065780581873	0.056365869854891115	0.0053440859190503065	0.10558612354271689
S2 PPAR-centric	9	GSE53399 top 5%	0.5472464219754637	0.5679061624970785	0.02065974052161479	-0.00836971316227247	0.0502821632669896
S2 PPAR-centric	9	GSE53399 top 1%	0.5849948034014633	0.6315516354259965	0.0465568320245332	-0.013280754115134371	0.1008317855923023
S1 no RXR half-sites	20	GSE17251 top 5%	0.5349904754048526	0.5501271728221367	0.015136697417284184	-0.012282183125808659	0.04204390784896908
S1 no RXR half-sites	20	GSE17251 top 1%	0.5674407082032962	0.5912160626934065	0.023775354490110368	-0.023367469146570483	0.07389852633554037
S1 no RXR half-sites	20	GSE53399 top 5%	0.5472464219754637	0.5675239566100079	0.02027753463454418	-0.004982432583128249	0.048617948400677624
S1 no RXR half-sites	20	GSE53399 top 1%	0.5849948034014633	0.6224015174947265	0.03740671409326324	-0.017978325273352858	0.09203886967751776
reliable-25 (ref)	25	GSE17251 top 5%	0.5349904754048526	0.5600237389267989	0.025033263521946347	0.004057431704757384	0.050224458121569546
reliable-25 (ref)	25	GSE17251 top 1%	0.5674407082032962	0.5796706719810254	0.012229963777729225	-0.03801520719695917	0.06194517698485874
reliable-25 (ref)	25	GSE53399 top 5%	0.5472464219754637	0.5600348904175088	0.012788468442045064	-0.011520261342059005	0.03413869628380384
reliable-25 (ref)	25	GSE53399 top 1%	0.5849948034014633	0.608018153646341	0.023023350244877783	-0.024301134456306814	0.0696826116975506
