motif	repeat_share	top10_repeat_share	reliable	auc_all	auc_nonrepeat	auc_repeat
MA0065.1	0.283371022709176	0.2357233502538071	True	0.566412036439224	0.5698337528905643	0.5381167304197295
MA0066.1	0.28479949278808053	0.26434231378763867	False	0.4887414767736944	0.4856960886209778	0.5106471892147244
MA0066.2	0.2938535430878463	0.27442827442827444	False	0.4928469382533181	0.4986915437807191	0.4996297550035967
MA0855.1	0.2975003775864673	0.2418202331703648	True	0.5905607913237385	0.5884781222957498	0.6201852624689241
MA0856.1	0.3013953120676707	0.25374310480693457	True	0.5975628978421648	0.5978043123398487	0.6013671239595425
MA1148.1	0.3060188358337776	0.2642369020501139	True	0.6391813907810988	0.6397014705472905	0.6156680305479643
MA1148.2	0.30435468187432657	0.2616233254531127	True	0.6431344990153025	0.6412768038193304	0.6318468237638877
MA1550.1	0.32670692057594053	0.2542425177414378	True	0.6120289756548167	0.6061710734295853	0.6487188788397025
MA1550.2	0.2929936305732484	0.25600505689001263	True	0.5981805409817451	0.6027529917457934	0.6128947184656981
MA1555.1	0.37778237199366	0.2785591766723842	False	0.5087283908003348	0.5197246486109807	0.5411927794321507
MA1556.1	0.40038111369892015	0.302528597230584	False	0.5186691218105137	0.5277965167665268	0.5666304937601736
PPARA_M10653_3.10	0.26797014795094487	0.23536215122162787	True	0.6286858452026052	0.6248766148382097	0.6153321392674893
PPARD_M05793_3.10	0.29342907731654533	0.2532722513089005	True	0.5986011309842231	0.6063688709509932	0.6181257385942471
PPARD_M05794_3.10	0.39841629592322114	0.3091412742382271	False	0.5345346368458335	0.5218854718785589	0.5449637197499372
PPARD_M05795_3.10	0.36174087043521763	0.2650169626820994	True	0.5895083844611693	0.5874837737321725	0.5846644593627466
PPARD_M05796_3.10	0.2907513437719093	0.1988966318234611	False	0.5364193633854413	0.5215548591373993	0.5876275827732138
PPARG_M02901_3.10	0.2937138102007559	0.27616077616077617	False	0.5014320052688079	0.49622919861125714	0.5056721750781599
PPARG_M10636_3.10	0.2725532679770314	0.22585639636152507	True	0.5992241908402762	0.5985377151287179	0.572764237797942
RXRA.H13CORE.0.PS.A	0.5109103515784321	0.6565318011331897	False	0.5366730537843247	0.5475073201988505	0.5687030964732938
RXRA.H13CORE.2.SM.B	0.2794453220993505	0.24921246062303115	True	0.5980232695169003	0.6014168627073879	0.6246827491777327
RXRA_M05883_3.10	0.2880863565840293	0.23021108179419525	True	0.5974545605739194	0.5978787312434702	0.6254664594992659
RXRA_M05884_3.10	0.2857429235827119	0.2428	True	0.5967593228712214	0.6009468001317835	0.5877098588617021
RXRA_M06118_3.10	0.312734393149912	0.31648496861579123	True	0.5750944686233515	0.582236127515859	0.5970120429515089
RXRA_M06774_3.10	0.3428430789425108	0.24631147540983606	True	0.5958565946603416	0.5932594166945155	0.6114311234664042
RXRA_M08962_3.10	0.5392479714168873	0.28211189913317575	False	0.49999782052889896	0.5320099767176643	0.4628591293466655
RXRA_M08963_3.10	0.2773142505963355	0.2526609486411078	False	0.5472483597122484	0.5462018492599237	0.5603973903845605
RXRA_M10652_3.10	0.3280258370785424	0.32100252574315136	False	0.5114515741696242	0.517226176134581	0.4889083870134928
RXRB.H13CORE.0.P.C	0.27394947394947394	0.24032176973353445	True	0.5648102768900523	0.5634598377088689	0.5758708262336005
RXRB.H13CORE.1.SM.B	0.3452514626795107	0.2627450980392157	True	0.5873211242963597	0.5837112285542307	0.6259621870569035
RXRB.H13CORE.2.PS.A	0.37287453227869083	0.4970414201183432	False	0.5236267509076246	0.5194913759308077	0.5616298229400006
RXRB_M05893_3.10	0.2872789966532572	0.23491742500842602	True	0.6013333497240305	0.6053093193482268	0.6195631206185241
RXRB_M05894_3.10	0.38146501287151885	0.27731650614413816	False	0.50828683479327	0.5150103366113666	0.527307569466624
RXRB_M05895_3.10	0.36410869735707	0.25215179968701096	True	0.5876951608478598	0.5866279189351118	0.5666719892227184
RXRB_M05896_3.10	0.3920525102004612	0.226676126285917	False	0.5281025424044969	0.5201704722448264	0.5866848261496556
RXRB_M10655_3.10	0.5471773972477567	0.9297914342116557	False	0.4706009891885642	0.5286078804664932	0.4302889340234554
RXRG.H13CORE.1.SM.B	0.274111280843021	0.24748387096774194	True	0.5984563929533209	0.6035292390681752	0.5758080320234495
RXRG_M05827_3.10	0.36483292279366025	0.2566525739865705	True	0.6200713400614217	0.605627245869861	0.6393672505672156
RXRG_M05828_3.10	0.4075005175830351	0.29542097488921715	False	0.5212870022522351	0.5201851787012148	0.5488318851136896
RXRG_M05829_3.10	0.36741269804341253	0.27636152954808807	True	0.5792918838236989	0.5716662213542993	0.5674643016445877
RXRG_M05830_3.10	0.3874380165289256	0.23485784919653893	False	0.5187687171548744	0.5257501156176275	0.5404965980058296
RXRG_M06771_3.10	0.2959036713493094	0.2648165569143932	True	0.5886007840947094	0.589835528871475	0.5733161912944951
RXRG_M10638_3.10	0.29466431661592696	0.2664802237315222	True	0.602665838774135	0.6085016218237722	0.579887156563454
