test	original	final	diff	lo	hi
hepatocyte GSE17251 top 5%	0.5370560981086766	0.5349904754048526	-0.0020656227038240438	-0.03597496872235994	0.03479838715837104
hepatocyte GSE17251 top 1%	0.5824676000510132	0.5674407082032962	-0.015026891847716994	-0.08757584175367977	0.06924233006976185
hepatocyte GSE53399 top 5%	0.5366256200152455	0.5472464219754637	0.010620801960218196	-0.02757614711413177	0.05197755647924519
hepatocyte GSE53399 top 1%	0.5754371666004571	0.5849948034014633	0.009557636801006186	-0.0632684405953294	0.08935433912313076
literature genes	0.5659018991072734	0.5847665847665847	0.01886468565931132	-0.0883794630435705	0.11977318707645002
ChIP PPARG_adipocyte adjOR	1.035324583068385	1.109160645592879	0.07383606252449404		
ChIP PPARG_digestive_tract adjOR	1.1655137453995363	1.2708433894842144	0.10532964408467804		
ChIP PPARG_liver adjOR	1.1487848634357738	1.2523729384646238	0.10358807502885004		
ChIP RXRA_liver adjOR	0.7691393500212091	0.9490307069032557	0.1798913568820466		
ChIP RXRA_breast adjOR	1.0514663682132492	1.094577929690974	0.04311156147772466		
ChIP RXRA_other_cells adjOR	1.043442432505439	1.1601747777150437	0.11673234520960474		
