test	score	v3	tf	diff	lo	hi
hepatocyte GSE17251 top 5%	TF-A (fixed decay 3000)	0.5262920071308437	0.5349895588439724	0.008697551713128693	0.001149978384439307	0.016346733453402793
hepatocyte GSE17251 top 5%	TF-B (flat)	0.5262920071308437	0.5391544114838968	0.01286240435305308	0.0017434439164035003	0.026087812642735252
hepatocyte GSE17251 top 1%	TF-A (fixed decay 3000)	0.5618732381771886	0.5674113902989987	0.00553815212181008	-0.007960030901071212	0.019799443546176427
hepatocyte GSE17251 top 1%	TF-B (flat)	0.5618732381771886	0.5820527517052027	0.02017951352801406	-0.00032249694727323644	0.042206934563903516
hepatocyte GSE53399 top 5%	TF-A (fixed decay 3000)	0.5462562307044839	0.5472235079534571	0.000967277248973164	-0.00525744667525182	0.008022855973150876
hepatocyte GSE53399 top 5%	TF-B (flat)	0.5462562307044839	0.5496863070387292	0.0034300763342453022	-0.00722493626082876	0.014726169799013481
hepatocyte GSE53399 top 1%	TF-A (fixed decay 3000)	0.5843058326504704	0.5849420311737277	0.0006361985232572476	-0.01672055053160692	0.020198643460568128
hepatocyte GSE53399 top 1%	TF-B (flat)	0.5843058326504704	0.5766670526857399	-0.007638779964730502	-0.03314894814688857	0.017325928607971202
literature genes AUROC	TF-A (fixed decay 3000)	0.5953708375973251	0.5847722438893265	-0.01059859370799865		
literature genes AUROC	TF-B (flat)	0.5953708375973251	0.5887562662994524	-0.0066145712978726845		
ChIP PPARG_adipocyte adjOR	TF-A (fixed decay 3000)	1.1061615955381314	1.1091440214121293	1.0026961936538277		
ChIP PPARG_adipocyte adjOR	TF-B (flat)	1.1061615955381314	1.0974274669799253	0.9921041115570849		
ChIP PPARG_digestive_tract adjOR	TF-A (fixed decay 3000)	1.2463750596693122	1.2708090978005824	1.0196040814052818		
ChIP PPARG_digestive_tract adjOR	TF-B (flat)	1.2463750596693122	1.262808076658188	1.013184648442208		
ChIP PPARG_liver adjOR	TF-A (fixed decay 3000)	1.2380288355164857	1.2523434807851457	1.0115624489979573		
ChIP PPARG_liver adjOR	TF-B (flat)	1.2380288355164857	1.2466023474520114	1.0069251310547618		
ChIP RXRA_liver adjOR	TF-A (fixed decay 3000)	0.9602844709159911	0.949000665533766	0.98824951800849		
ChIP RXRA_liver adjOR	TF-B (flat)	0.9602844709159911	0.940836267455356	0.9797474560407251		
ChIP RXRA_breast adjOR	TF-A (fixed decay 3000)	1.0804041785126977	1.0945582815540102	1.0131007481485284		
ChIP RXRA_breast adjOR	TF-B (flat)	1.0804041785126977	1.099241710460382	1.0174356341102053		
ChIP RXRA_other_cells adjOR	TF-A (fixed decay 3000)	1.1651753031685004	1.1601354128638273	0.9956745647706676		
ChIP RXRA_other_cells adjOR	TF-B (flat)	1.1651753031685004	1.1303349909387674	0.9700986519925452		
