batch	motif_id
RXR_PPAR_human42_files_1_4	MA1148.1
RXR_PPAR_human42_files_1_4	MA1148.2
RXR_PPAR_human42_files_1_4	MA0065.1
RXR_PPAR_human42_files_1_4	MA1550.1
RXR_PPAR_human42_files_5_8	MA1550.2
RXR_PPAR_human42_files_5_8	MA0066.1
RXR_PPAR_human42_files_5_8	MA0066.2
RXR_PPAR_human42_files_5_8	RXRA.H13CORE.0.PS.A
RXR_PPAR_human42_files_9_12	RXRA.H13CORE.2.SM.B
RXR_PPAR_human42_files_9_12	RXRB.H13CORE.0.P.C
RXR_PPAR_human42_files_9_12	RXRB.H13CORE.1.SM.B
RXR_PPAR_human42_files_9_12	MA0855.1
RXR_PPAR_human42_files_13_16	MA1555.1
RXR_PPAR_human42_files_13_16	MA0856.1
RXR_PPAR_human42_files_13_16	MA1556.1
RXR_PPAR_human42_files_13_16	PPARA_M10653_3.10
RXR_PPAR_human42_files_17_20	PPARD_M05793_3.10
RXR_PPAR_human42_files_17_20	PPARD_M05794_3.10
RXR_PPAR_human42_files_17_20	PPARD_M05795_3.10
RXR_PPAR_human42_files_17_20	PPARD_M05796_3.10
RXR_PPAR_human42_files_21_24	PPARG_M02901_3.10
RXR_PPAR_human42_files_21_24	PPARG_M10636_3.10
RXR_PPAR_human42_files_21_24	RXRA_M05883_3.10
RXR_PPAR_human42_files_21_24	RXRA_M05884_3.10
RXR_PPAR_human42_files_25_28	RXRA_M06118_3.10
RXR_PPAR_human42_files_25_28	RXRA_M06774_3.10
RXR_PPAR_human42_files_25_28	RXRA_M08962_3.10
RXR_PPAR_human42_files_25_28	RXRA_M08963_3.10
RXR_PPAR_human42_files_29_32	RXRA_M10652_3.10
RXR_PPAR_human42_files_29_32	RXRB.H13CORE.2.PS.A
RXR_PPAR_human42_files_29_32	RXRB_M05893_3.10
RXR_PPAR_human42_files_29_32	RXRB_M05894_3.10
RXR_PPAR_human42_files_33_36	RXRB_M05895_3.10
RXR_PPAR_human42_files_33_36	RXRB_M05896_3.10
RXR_PPAR_human42_files_33_36	RXRB_M10655_3.10
RXR_PPAR_human42_files_33_36	RXRG.H13CORE.1.SM.B
RXR_PPAR_human42_files_37_40	RXRG_M05827_3.10
RXR_PPAR_human42_files_37_40	RXRG_M05828_3.10
RXR_PPAR_human42_files_37_40	RXRG_M05829_3.10
RXR_PPAR_human42_files_37_40	RXRG_M05830_3.10
RXR_PPAR_human42_files_41_42	RXRG_M06771_3.10
RXR_PPAR_human42_files_41_42	RXRG_M10638_3.10
