view,bp,n_intervals,genes,threshold,n_hits,footprint_pct,gene_coverage_pct,genome_bp,gene_universe
all,188293801,9801562,15703,1e-04,45555607,6.09703170467058,100,3088286401,15703
heterodimer,36854688,1625005,15410,1e-04,45555607,1.19337014818529,98.1341145004139,3088286401,15703
PPAR_half,97949856,4553693,15697,1e-04,45555607,3.17165713543548,99.9617907406228,3088286401,15703
RXR_half,156547233,8097774,15702,1e-04,45555607,5.06906460972368,99.9936317901038,3088286401,15703
all,36184134,2123665,15594,1e-05,5613016,1.17165733036558,99.3058651213144,3088286401,15703
heterodimer,3910335,191610,8770,1e-05,5613016,0.126618276035986,55.849200789658,3088286401,15703
PPAR_half,11651899,600577,13839,1e-05,5613016,0.377293342878661,88.1296567534866,3088286401,15703
RXR_half,30729176,1825348,15547,1e-05,5613016,0.995023518221942,99.0065592561931,3088286401,15703
all,5901793,320355,11962,1e-06,736897,0.191102515559728,76.1765267783226,3088286401,15703
heterodimer,433516,22069,1917,1e-06,736897,0.0140374286484448,12.2078583710119,3088286401,15703
PPAR_half,1352730,72496,5447,1e-06,736897,0.0438019608402245,34.6876393045915,3088286401,15703
RXR_half,5143614,278358,11472,1e-06,736897,0.166552363742381,73.0561039291855,3088286401,15703
