unit,region_bp,footprint_pct,unique_genes,n_motifs
WGS,3099750718,100.0,whole genome,
MA0065.1,16784099,0.5414660895966925,22920,1
MA1148.1,17719489,0.5716423871475977,24075,1
MA1148.2,16506158,0.5324995298541294,23877,1
PPARA_M10653_3.10,27564494,0.8892487334525072,26224,1
MA1550.1,13599673,0.4387344092229032,23063,1
MA1550.2,11619782,0.37486182138856755,22941,1
PPARD_M05793_3.10,12903144,0.41626392487216773,22719,1
PPARD_M05794_3.10,11254827,0.36308813268899776,22413,1
PPARD_M05795_3.10,17440819,0.5626523093848349,25009,1
PPARD_M05796_3.10,6645699,0.2143946273295129,20683,1
MA0066.1,15265572,0.4924774083075154,22209,1
MA0066.2,13776123,0.44442680245231253,21640,1
PPARG_M02901_3.10,13698030,0.4419074708316593,21626,1
PPARG_M10636_3.10,35899480,1.1581408721525457,27041,1
RXRA.H13CORE.0.PS.A,11444111,0.3691945592122934,24944,1
RXRA.H13CORE.2.SM.B,11310949,0.36489866537712984,22186,1
RXRA_M05883_3.10,11792554,0.3804355599152409,22635,1
RXRA_M05884_3.10,10033827,0.3236978684038811,21419,1
RXRA_M06118_3.10,9124822,0.29437276833304377,22462,1
RXRA_M06774_3.10,16486182,0.531855090935735,24929,1
RXRA_M08962_3.10,9985565,0.3221409044932109,24717,1
RXRA_M08963_3.10,27928571,0.9009940972937296,26905,1
RXRA_M10652_3.10,76248479,2.459826158188505,28141,1
MA0855.1,10413337,0.33594111099097745,21761,1
MA1555.1,7441840,0.24007866041568574,20609,1
RXRB.H13CORE.0.P.C,23420650,0.7555655964203248,26442,1
RXRB.H13CORE.1.SM.B,18870685,0.6087807284121097,25072,1
RXRB.H13CORE.2.PS.A,10473147,0.3378706209884327,24297,1
RXRB_M05893_3.10,11364590,0.36662915937100204,22489,1
RXRB_M05894_3.10,7538585,0.24319971784260105,20698,1
RXRB_M05895_3.10,17302084,0.5581766268986795,25150,1
RXRB_M05896_3.10,6165403,0.19889996199365345,19848,1
RXRB_M10655_3.10,14545650,0.46925225036757295,25198,1
MA0856.1,9703076,0.3130276232748339,21498,1
MA1556.1,10038717,0.32385562302497384,22618,1
RXRG.H13CORE.1.SM.B,14060838,0.45361189589697837,23771,1
RXRG_M05827_3.10,14730609,0.47521914954194716,24152,1
RXRG_M05828_3.10,9668644,0.31191682427412537,22455,1
RXRG_M05829_3.10,24610436,0.7939488765044622,26558,1
RXRG_M05830_3.10,6153436,0.19851389869086886,19549,1
RXRG_M06771_3.10,15149753,0.4887410110763623,24271,1
RXRG_M10638_3.10,9986351,0.3221662613709571,21481,1
