panel,gold_set,n_gold,all_42,PPAR_containing_14,heterodimer_3,PPAR_only_11,RXR_only_28
PPARgene + heart,"Heart: GSE30495 Wy14,643 up",18,0.586444444444445,0.565981481481482,0.593651234567901,0.574598765432099,0.58651646090535
PPARgene + heart,"Heart: GSE30553 Wy14,643 up (strict)",45,0.557453497942387,0.567374814814815,0.571509958847737,0.568827818930041,0.557486419753086
PPARgene + heart,Heart: GSE33101 PPARa transgenic up,323,0.502853268666111,0.490094719588993,0.491983321991009,0.496315025863694,0.502912044270209
PPARgene + heart,Heart: up in >= 2 datasets,20,0.614686666666667,0.536203333333333,0.5540475,0.5370125,0.61478
PPARgene + heart,PPARgene_PPARA,113,0.548672227008119,0.62029300127914,0.61861986059989,0.613893570365729,0.548639465371864
PPARgene + heart,PPARgene_PPARG,178,0.48120592938602,0.528236596810167,0.54268698186256,0.519797268863359,0.481320151075201
PPARgene + heart,PPARgene_human,183,0.522877750903282,0.559952700886858,0.569606119422298,0.548745329312112,0.52292536852897
PPARgene + heart,PPARgene_mouse_only,119,0.50011402207942,0.54646967022103,0.547396134924558,0.538660146411506,0.50017851846621
promoter-peak genes,PPARA Liver,800,0.514893536458333,0.499618020833333,0.505558127083333,0.499323131770833,0.514923207291667
promoter-peak genes,PPARA Neural,39,0.459535393381547,0.573787201402586,0.553111768573307,0.580678500986193,0.459602016217401
promoter-peak genes,PPARG Adipocyte,800,0.497714475,0.531582610416667,0.542891128125,0.529836283333333,0.497771008333333
promoter-peak genes,PPARG Blood,114,0.524872858315379,0.651582948599569,0.703188827331487,0.643270903867857,0.524881707191956
promoter-peak genes,PPARG Digestive tract,800,0.5324456171875,0.570645195833333,0.575914245833333,0.565738496354167,0.532494625520833
promoter-peak genes,PPARG Liver,800,0.517421732291667,0.573066925,0.596082592708333,0.569386222395833,0.517469549479167
promoter-peak genes,PPARG Others,307,0.513897158944215,0.63383442441476,0.668025945456539,0.623716279925163,0.513949148885753
promoter-peak genes,RXRA Blood,223,0.487375501886894,0.497200855302406,0.481735151186095,0.503952448939921,0.487445601828578
promoter-peak genes,RXRA Breast,800,0.508159028125,0.539941963020833,0.539792758333333,0.537683833333333,0.508186188541667
promoter-peak genes,RXRA Digestive tract,56,0.518951211734694,0.597188775510204,0.581363095238095,0.598628507653061,0.519035289115646
promoter-peak genes,RXRA Liver,800,0.484620302604167,0.518697969791667,0.529799471875,0.515552395833333,0.48466184375
promoter-peak genes,RXRA Neural,800,0.512111315104167,0.523632271354167,0.509549126041667,0.524758011979167,0.512144690104167
promoter-peak genes,RXRA Others,800,0.516907063541667,0.555944665104167,0.554304893229167,0.553705640104167,0.5169659015625
promoter-peak genes,RXRA Pluripotent stem cell,80,0.55278671875,0.565326927083333,0.571655364583333,0.566824375,0.552833177083333
