feature,coef,name,category,architecture
PPARA_M10653_3.10,1.94446443131234,PPARA,PPAR,DR1
MA1148.2,0.90045312077713,PPARA::RXRA,PPAR:RXR heterodimer,DR1
MA1148.1,0.85019207183733,PPARA::RXRA,PPAR:RXR heterodimer,DR1
RXRA_M05884_3.10,0.51724533092492,RXRA,RXR,DR1
RXRA.H13CORE.2.SM.B,0.457270782731714,RXRA,RXR,DR1
RXRG_M10638_3.10,0.365290741536611,RXRG,RXR,single half-site
RXRB.H13CORE.0.P.C,0.315007114444074,RXRB,RXR,single half-site
RXRA_M06118_3.10,0.253027424299304,RXRA,RXR,single half-site
RXRG.H13CORE.1.SM.B,0.108085597238186,RXRG,RXR,DR1
RXRA_M08963_3.10,0.101245967466104,RXRA,RXR,single half-site
RXRB_M05894_3.10,-0.0430934950811568,RXRB,RXR,IR0
RXRG_M05829_3.10,-0.109598644510612,RXRG,RXR,DR1
PPARD_M05795_3.10,-0.111453028626987,PPARD,PPAR,DR1
RXRB_M10655_3.10,-0.214806478075669,RXRB,RXR,single half-site
RXRB_M05896_3.10,-0.221855635356068,RXRB,RXR,IR0
RXRA_M10652_3.10,-0.246657423180299,RXRA,RXR,single half-site
RXRB.H13CORE.1.SM.B,-0.368417211296187,RXRB,RXR,DR1
MA0855.1,-0.782723096465585,RXRB,RXR,DR1
gc,-1.74775619934394,,,
