,MA2338.1,PPARA.H13CORE.0.P.B,PPARA.H13CORE.1.P.B,PPARA_M10653_3.10,PPARA_M12541_3.10,MA1148.1,MA1148.2,MA1550.1,MA1550.2,PPARD.H13CORE.0.PSM.A,PPARD_M05793_3.10,PPARD_M05794_3.10,PPARD_M05795_3.10,PPARD_M05796_3.10,MA0066.1,MA0066.2,PPARG.H13CORE.0.P.B,PPARG.H13CORE.1.P.B,PPARG_M02901_3.10,PPARG_M10636_3.10,PPARG_M12496_3.10,PPARG_M12497_3.10,PPARG_M12498_3.10,MA0065.1,MA0065.2,MA0065.3,MA0512.1,MA0512.2,RXRA.H13CORE.0.PS.A,RXRA.H13CORE.1.S.C,RXRA.H13CORE.2.SM.B,RXRA.H13CORE.3.P.B,RXRA_M03620_3.10,RXRA_M03621_3.10,RXRA_M03622_3.10,RXRA_M03623_3.10,RXRA_M05883_3.10,RXRA_M05884_3.10,RXRA_M06118_3.10,RXRA_M06702_3.10,RXRA_M06774_3.10,RXRA_M08962_3.10,RXRA_M08963_3.10,RXRA_M10652_3.10,MA0855.1,MA1555.1,RXRB.H13CORE.0.P.C,RXRB.H13CORE.1.SM.B,RXRB.H13CORE.2.PS.A,RXRB_M03627_3.10,RXRB_M05893_3.10,RXRB_M05894_3.10,RXRB_M05895_3.10,RXRB_M05896_3.10,RXRB_M10655_3.10,MA0856.1,MA1556.1,RXRG.H13CORE.0.P.B,RXRG.H13CORE.1.SM.B,RXRG.H13CORE.2.P.B,RXRG_M02958_3.10,RXRG_M03587_3.10,RXRG_M03588_3.10,RXRG_M03589_3.10,RXRG_M03590_3.10,RXRG_M05827_3.10,RXRG_M05828_3.10,RXRG_M05829_3.10,RXRG_M05830_3.10,RXRG_M06771_3.10,RXRG_M10638_3.10
MA2338.1,1.0,0.0,0.954,0.0,0.0,0.0,0.0,0.0,0.0,0.0,0.0,0.0,0.0,0.0,0.0,0.0,0.0,0.0,0.0,0.0,0.0,0.0,0.0,0.0,0.0,0.0,0.0,0.0,0.885,0.0,0.0,0.0,0.0,0.0,0.0,0.0,0.0,0.0,0.0,0.0,0.0,0.881,0.0,0.0,0.0,0.0,0.0,0.0,0.0,0.0,0.0,0.0,0.0,0.0,0.856,0.0,0.0,0.911,0.0,0.0,0.0,0.0,0.0,0.0,0.0,0.0,0.0,0.0,0.0,0.0,0.0
PPARA.H13CORE.0.P.B,0.0,1.0,0.0,0.988,0.933,0.967,0.967,0.902,0.91,0.995,0.902,0.263,0.881,0.203,0.468,0.466,0.993,0.0,0.466,0.982,0.857,0.483,0.96,0.856,0.985,0.986,0.0,0.9,0.0,0.802,0.919,0.646,0.902,0.243,0.9,0.242,0.9,0.898,0.0,0.909,0.924,0.0,0.914,0.769,0.895,0.253,0.942,0.904,0.0,0.895,0.912,0.253,0.897,0.213,0.0,0.899,0.255,0.0,0.93,0.569,0.945,0.899,0.249,0.886,0.256,0.923,0.255,0.914,0.229,0.942,0.933
PPARA.H13CORE.1.P.B,0.954,0.0,1.0,0.0,0.0,0.0,0.0,0.0,0.0,0.0,0.0,0.0,0.0,0.0,0.0,0.0,0.0,0.982,0.0,0.0,0.0,0.0,0.0,0.0,0.0,0.0,0.971,0.0,0.91,0.0,0.0,0.0,0.0,0.0,0.0,0.0,0.0,0.0,0.973,0.0,0.0,0.897,0.0,0.0,0.0,0.0,0.0,0.0,0.84,0.0,0.0,0.0,0.0,0.0,0.799,0.0,0.0,0.959,0.0,0.0,0.971,0.0,0.0,0.0,0.0,0.0,0.0,0.0,0.0,0.0,0.0
PPARA_M10653_3.10,0.0,0.988,0.0,1.0,0.913,0.96,0.96,0.86,0.875,0.993,0.86,0.261,0.847,0.191,0.479,0.473,0.994,0.0,0.473,0.989,0.812,0.49,0.942,0.812,0.989,0.992,0.0,0.866,0.0,0.758,0.883,0.631,0.868,0.237,0.866,0.235,0.867,0.862,0.0,0.873,0.898,0.0,0.902,0.764,0.862,0.263,0.929,0.869,0.0,0.862,0.877,0.263,0.869,0.223,0.0,0.864,0.263,0.0,0.898,0.531,0.921,0.864,0.241,0.854,0.254,0.891,0.263,0.892,0.238,0.93,0.904
PPARA_M12541_3.10,0.0,0.933,0.0,0.913,1.0,0.914,0.914,0.859,0.879,0.926,0.859,0.29,0.823,0.2,0.469,0.476,0.929,0.0,0.476,0.886,0.81,0.493,0.957,0.801,0.906,0.0,0.0,0.873,0.0,0.794,0.892,0.611,0.873,0.25,0.873,0.248,0.866,0.883,0.0,0.902,0.87,0.0,0.602,0.647,0.858,0.277,0.526,0.847,0.0,0.858,0.883,0.277,0.852,0.236,0.0,0.872,0.282,0.0,0.896,0.528,0.0,0.872,0.254,0.845,0.277,0.887,0.282,0.842,0.251,0.328,0.0
MA1148.1,0.0,0.967,0.0,0.96,0.914,1.0,1.0,0.923,0.927,0.966,0.923,0.284,0.919,0.201,0.439,0.438,0.962,0.0,0.438,0.949,0.873,0.452,0.939,0.875,0.941,0.947,0.0,0.912,0.0,0.809,0.929,0.619,0.916,0.243,0.912,0.243,0.913,0.92,0.0,0.916,0.936,0.0,0.874,0.728,0.905,0.27,0.897,0.928,0.0,0.905,0.928,0.27,0.926,0.229,0.0,0.912,0.272,0.0,0.939,0.548,0.0,0.912,0.242,0.894,0.255,0.939,0.272,0.937,0.246,0.971,0.937
MA1148.2,0.0,0.967,0.0,0.96,0.914,1.0,1.0,0.924,0.927,0.966,0.924,0.283,0.919,0.2,0.46,0.46,0.962,0.0,0.46,0.949,0.876,0.475,0.939,0.877,0.941,0.947,0.0,0.912,0.0,0.809,0.931,0.629,0.916,0.243,0.912,0.243,0.915,0.922,0.0,0.92,0.941,0.0,0.88,0.736,0.905,0.27,0.905,0.929,0.0,0.905,0.93,0.27,0.926,0.229,0.0,0.912,0.272,0.0,0.941,0.567,0.959,0.912,0.242,0.894,0.255,0.94,0.272,0.938,0.246,0.972,0.939
MA1550.1,0.0,0.902,0.0,0.86,0.859,0.923,0.924,1.0,1.0,0.876,1.0,0.372,0.984,0.295,0.374,0.382,0.868,0.0,0.382,0.87,0.99,0.0,0.891,0.991,0.859,0.905,0.0,0.996,0.0,0.918,0.987,0.641,0.998,0.329,0.996,0.33,0.995,0.995,0.0,0.983,0.979,0.0,0.855,0.711,0.993,0.353,0.882,0.989,0.0,0.993,1.0,0.353,0.99,0.314,0.0,0.997,0.356,0.0,0.987,0.0,0.998,0.997,0.326,0.985,0.338,0.997,0.356,0.963,0.327,0.97,0.977
MA1550.2,0.0,0.91,0.0,0.875,0.879,0.927,0.927,1.0,1.0,0.888,1.0,0.372,0.985,0.293,0.395,0.395,0.881,0.867,0.395,0.885,0.0,0.0,0.907,0.993,0.871,0.905,0.229,0.996,0.0,0.918,0.988,0.0,0.998,0.329,0.996,0.33,0.996,0.995,0.975,0.987,0.98,0.0,0.863,0.749,0.993,0.353,0.893,0.99,0.82,0.993,1.0,0.353,0.99,0.314,0.216,0.997,0.356,0.823,0.988,0.0,0.998,0.997,0.326,0.985,0.338,0.997,0.356,0.963,0.327,0.971,0.978
PPARD.H13CORE.0.PSM.A,0.0,0.995,0.0,0.993,0.926,0.966,0.966,0.876,0.888,1.0,0.876,0.242,0.857,0.197,0.491,0.485,0.995,0.972,0.485,0.983,0.857,0.0,0.955,0.854,0.984,0.987,0.258,0.878,0.0,0.795,0.897,0.701,0.879,0.243,0.878,0.243,0.877,0.879,0.924,0.888,0.907,0.0,0.903,0.786,0.872,0.238,0.935,0.879,0.607,0.872,0.89,0.238,0.876,0.204,0.0,0.876,0.24,0.0,0.908,0.0,0.938,0.876,0.249,0.862,0.253,0.903,0.24,0.896,0.215,0.934,0.927
PPARD_M05793_3.10,0.0,0.902,0.0,0.86,0.859,0.923,0.924,1.0,1.0,0.876,1.0,0.372,0.984,0.295,0.374,0.382,0.868,0.0,0.382,0.87,0.99,0.0,0.891,0.991,0.859,0.905,0.0,0.996,0.0,0.918,0.987,0.641,0.998,0.329,0.996,0.33,0.995,0.995,0.0,0.983,0.979,0.0,0.855,0.711,0.993,0.353,0.882,0.989,0.0,0.993,1.0,0.353,0.99,0.314,0.0,0.997,0.356,0.0,0.987,0.0,0.998,0.997,0.326,0.985,0.338,0.997,0.356,0.963,0.327,0.97,0.977
PPARD_M05794_3.10,0.0,0.263,0.0,0.261,0.29,0.284,0.283,0.372,0.372,0.242,0.372,1.0,0.366,0.936,0.431,0.449,0.246,0.0,0.449,0.253,0.375,0.0,0.259,0.383,0.245,0.287,0.0,0.365,0.0,0.657,0.282,0.283,0.368,0.973,0.365,0.977,0.365,0.372,0.0,0.345,0.349,0.0,0.186,0.125,0.361,0.991,0.271,0.316,0.0,0.361,0.37,0.991,0.373,0.957,0.0,0.366,0.995,0.0,0.299,0.0,0.332,0.366,0.976,0.361,0.952,0.368,0.995,0.356,0.973,0.398,0.271
PPARD_M05795_3.10,0.0,0.881,0.0,0.847,0.823,0.919,0.919,0.984,0.985,0.857,0.984,0.366,1.0,0.3,0.366,0.37,0.853,0.0,0.37,0.862,0.972,0.0,0.863,0.975,0.838,0.884,0.0,0.981,0.0,0.902,0.965,0.623,0.984,0.34,0.981,0.339,0.984,0.985,0.0,0.959,0.969,0.0,0.825,0.698,0.98,0.357,0.85,0.989,0.0,0.98,0.983,0.357,0.998,0.317,0.0,0.981,0.358,0.0,0.968,0.0,0.982,0.981,0.335,0.974,0.361,0.984,0.358,0.973,0.328,0.966,0.956
PPARD_M05796_3.10,0.0,0.203,0.0,0.191,0.2,0.201,0.2,0.295,0.293,0.197,0.295,0.936,0.3,1.0,0.408,0.42,0.188,0.0,0.42,0.194,0.306,0.0,0.215,0.311,0.199,0.207,0.0,0.295,0.0,0.552,0.206,0.224,0.297,0.93,0.295,0.926,0.298,0.296,0.0,0.27,0.265,0.0,0.178,0.148,0.294,0.947,0.249,0.248,0.0,0.294,0.291,0.947,0.3,0.993,0.0,0.296,0.954,0.0,0.221,0.0,0.252,0.296,0.921,0.299,0.92,0.286,0.954,0.272,0.982,0.307,0.193
MA0066.1,0.0,0.468,0.0,0.479,0.469,0.439,0.46,0.374,0.395,0.491,0.374,0.431,0.366,0.408,1.0,1.0,0.476,0.0,1.0,0.484,0.326,0.991,0.43,0.334,0.458,0.0,0.0,0.379,0.0,0.607,0.309,0.23,0.383,0.432,0.379,0.43,0.373,0.383,0.0,0.32,0.4,0.0,0.309,0.199,0.373,0.455,0.369,0.305,0.0,0.373,0.385,0.455,0.371,0.454,0.0,0.385,0.483,0.0,0.311,0.213,0.0,0.385,0.425,0.359,0.48,0.388,0.483,0.39,0.463,0.399,0.0
MA0066.2,0.0,0.466,0.0,0.473,0.476,0.438,0.46,0.382,0.395,0.485,0.382,0.449,0.37,0.42,1.0,1.0,0.471,0.0,1.0,0.476,0.339,0.991,0.429,0.347,0.452,0.0,0.0,0.379,0.0,0.607,0.309,0.28,0.383,0.432,0.379,0.43,0.373,0.383,0.0,0.32,0.4,0.0,0.309,0.198,0.373,0.455,0.369,0.309,0.0,0.373,0.385,0.455,0.371,0.454,0.0,0.385,0.483,0.0,0.311,0.203,0.0,0.385,0.425,0.359,0.48,0.388,0.483,0.39,0.463,0.399,0.0
PPARG.H13CORE.0.P.B,0.0,0.993,0.0,0.994,0.929,0.962,0.962,0.868,0.881,0.995,0.868,0.246,0.853,0.188,0.476,0.471,1.0,0.0,0.471,0.981,0.818,0.493,0.952,0.816,0.986,0.989,0.0,0.871,0.0,0.765,0.893,0.632,0.873,0.228,0.871,0.227,0.871,0.872,0.0,0.883,0.9,0.0,0.905,0.758,0.866,0.245,0.933,0.875,0.0,0.866,0.883,0.245,0.872,0.205,0.0,0.869,0.246,0.0,0.906,0.531,0.933,0.869,0.233,0.856,0.24,0.898,0.246,0.893,0.222,0.937,0.925
PPARG.H13CORE.1.P.B,0.0,0.0,0.982,0.0,0.0,0.0,0.0,0.0,0.867,0.972,0.0,0.0,0.0,0.0,0.0,0.0,0.0,1.0,0.0,0.0,0.0,0.0,0.0,0.0,0.994,0.994,0.944,0.866,0.851,0.323,0.88,0.0,0.866,0.175,0.866,0.174,0.867,0.852,0.883,0.0,0.89,0.832,0.922,0.0,0.865,0.166,0.939,0.0,0.771,0.865,0.867,0.166,0.855,0.16,0.72,0.863,0.17,0.43,0.0,0.0,0.867,0.863,0.174,0.867,0.174,0.877,0.17,0.871,0.163,0.848,0.887
PPARG_M02901_3.10,0.0,0.466,0.0,0.473,0.476,0.438,0.46,0.382,0.395,0.485,0.382,0.449,0.37,0.42,1.0,1.0,0.471,0.0,1.0,0.476,0.339,0.991,0.429,0.347,0.452,0.0,0.0,0.379,0.0,0.607,0.309,0.28,0.383,0.432,0.379,0.43,0.373,0.383,0.0,0.32,0.4,0.0,0.309,0.198,0.373,0.455,0.369,0.309,0.0,0.373,0.385,0.455,0.371,0.454,0.0,0.385,0.483,0.0,0.311,0.203,0.0,0.385,0.425,0.359,0.48,0.388,0.483,0.39,0.463,0.399,0.0
PPARG_M10636_3.10,0.0,0.982,0.0,0.989,0.886,0.949,0.949,0.87,0.885,0.983,0.87,0.253,0.862,0.194,0.484,0.476,0.981,0.0,0.476,1.0,0.827,0.488,0.922,0.828,0.989,0.99,0.0,0.877,0.0,0.773,0.89,0.663,0.878,0.232,0.877,0.228,0.878,0.868,0.0,0.878,0.91,0.0,0.907,0.801,0.875,0.254,0.925,0.883,0.0,0.875,0.886,0.254,0.883,0.212,0.0,0.875,0.255,0.0,0.906,0.556,0.912,0.875,0.234,0.869,0.255,0.901,0.255,0.911,0.228,0.917,0.897
PPARG_M12496_3.10,0.0,0.857,0.0,0.812,0.81,0.873,0.876,0.99,0.0,0.857,0.99,0.375,0.972,0.306,0.326,0.339,0.818,0.0,0.339,0.827,1.0,0.296,0.843,0.997,0.845,0.0,0.0,0.0,0.0,0.0,0.978,0.568,0.0,0.0,0.0,0.0,0.998,0.987,0.0,0.975,0.958,0.0,0.827,0.667,0.0,0.0,0.0,0.978,0.0,0.0,0.991,0.0,0.981,0.0,0.0,0.0,0.0,0.0,0.977,0.603,0.0,0.0,0.0,0.0,0.0,0.985,0.0,0.939,0.0,0.94,0.0
PPARG_M12497_3.10,0.0,0.483,0.0,0.49,0.493,0.452,0.475,0.0,0.0,0.0,0.0,0.0,0.0,0.0,0.991,0.991,0.493,0.0,0.991,0.488,0.296,1.0,0.447,0.286,0.0,0.0,0.0,0.0,0.0,0.0,0.0,0.195,0.0,0.0,0.0,0.0,0.0,0.0,0.0,0.0,0.0,0.0,0.0,0.166,0.0,0.0,0.0,0.28,0.0,0.0,0.0,0.0,0.0,0.0,0.0,0.0,0.0,0.0,0.0,0.157,0.0,0.0,0.0,0.0,0.0,0.0,0.0,0.0,0.0,0.0,0.0
PPARG_M12498_3.10,0.0,0.96,0.0,0.942,0.957,0.939,0.939,0.891,0.907,0.955,0.891,0.259,0.863,0.215,0.43,0.429,0.952,0.0,0.429,0.922,0.843,0.447,1.0,0.839,0.946,0.951,0.0,0.897,0.0,0.793,0.918,0.6,0.898,0.251,0.897,0.253,0.893,0.903,0.0,0.915,0.906,0.0,0.885,0.699,0.888,0.252,0.921,0.886,0.0,0.888,0.91,0.252,0.886,0.213,0.0,0.895,0.256,0.0,0.927,0.549,0.942,0.895,0.26,0.875,0.259,0.917,0.256,0.89,0.229,0.922,0.917
MA0065.1,0.0,0.856,0.0,0.812,0.801,0.875,0.877,0.991,0.993,0.854,0.991,0.383,0.975,0.311,0.334,0.347,0.816,0.0,0.347,0.828,0.997,0.286,0.839,1.0,0.842,0.0,0.0,0.997,0.0,0.914,0.977,0.558,0.997,0.344,0.997,0.344,0.997,0.987,0.0,0.97,0.96,0.0,0.829,0.665,0.996,0.361,0.876,0.977,0.0,0.996,0.991,0.361,0.984,0.323,0.0,0.995,0.365,0.0,0.975,0.597,0.0,0.995,0.34,0.995,0.357,0.986,0.365,0.945,0.331,0.948,0.0
MA0065.2,0.0,0.985,0.0,0.989,0.906,0.941,0.941,0.859,0.871,0.984,0.859,0.245,0.838,0.199,0.458,0.452,0.986,0.994,0.452,0.989,0.845,0.0,0.946,0.842,1.0,1.0,0.225,0.865,0.0,0.788,0.885,0.725,0.865,0.233,0.865,0.229,0.863,0.857,0.909,0.877,0.894,0.0,0.918,0.826,0.859,0.242,0.943,0.868,0.596,0.859,0.872,0.242,0.858,0.202,0.0,0.862,0.245,0.0,0.899,0.0,0.902,0.862,0.235,0.852,0.246,0.887,0.245,0.881,0.216,0.898,0.896
MA0065.3,0.0,0.986,0.0,0.992,0.0,0.947,0.947,0.905,0.905,0.987,0.905,0.287,0.884,0.207,0.0,0.0,0.989,0.994,0.0,0.99,0.0,0.0,0.951,0.0,1.0,1.0,0.189,0.901,0.0,0.836,0.911,0.0,0.902,0.235,0.901,0.236,0.904,0.892,0.909,0.907,0.924,0.0,0.918,0.0,0.897,0.263,0.943,0.913,0.31,0.897,0.905,0.263,0.897,0.221,0.172,0.898,0.269,0.445,0.924,0.0,0.902,0.898,0.235,0.898,0.246,0.915,0.269,0.911,0.234,0.898,0.896
MA0512.1,0.0,0.0,0.971,0.0,0.0,0.0,0.0,0.0,0.229,0.258,0.0,0.0,0.0,0.0,0.0,0.0,0.0,0.944,0.0,0.0,0.0,0.0,0.0,0.0,0.225,0.189,1.0,0.214,0.938,0.84,0.081,0.0,0.216,0.079,0.214,0.083,0.091,0.096,0.975,0.0,0.087,0.94,0.969,0.0,0.213,0.084,0.973,0.0,0.863,0.213,0.108,0.084,0.106,0.079,0.851,0.202,0.094,0.942,0.0,0.0,0.945,0.202,0.09,0.207,0.088,0.107,0.094,0.108,0.08,0.867,0.935
MA0512.2,0.0,0.9,0.0,0.866,0.873,0.912,0.912,0.996,0.996,0.878,0.996,0.365,0.981,0.295,0.379,0.379,0.871,0.866,0.379,0.877,0.0,0.0,0.897,0.997,0.865,0.901,0.214,1.0,0.0,0.916,0.984,0.0,1.0,0.332,1.0,0.333,0.999,0.99,0.977,0.987,0.966,0.0,0.866,0.75,0.999,0.352,0.895,0.989,0.815,0.999,0.995,0.352,0.984,0.314,0.223,0.999,0.353,0.807,0.983,0.0,1.0,0.999,0.328,0.995,0.345,0.99,0.353,0.945,0.323,0.954,0.982
RXRA.H13CORE.0.PS.A,0.885,0.0,0.91,0.0,0.0,0.0,0.0,0.0,0.0,0.0,0.0,0.0,0.0,0.0,0.0,0.0,0.0,0.851,0.0,0.0,0.0,0.0,0.0,0.0,0.0,0.0,0.938,0.0,1.0,0.0,0.0,0.0,0.0,0.0,0.0,0.0,0.0,0.0,0.935,0.0,0.0,0.992,0.0,0.0,0.0,0.0,0.0,0.0,0.944,0.0,0.0,0.0,0.0,0.0,0.918,0.0,0.0,0.988,0.0,0.0,0.859,0.0,0.0,0.0,0.0,0.0,0.0,0.0,0.0,0.0,0.0
RXRA.H13CORE.1.S.C,0.0,0.802,0.0,0.758,0.794,0.809,0.809,0.918,0.918,0.795,0.918,0.657,0.902,0.552,0.607,0.607,0.765,0.323,0.607,0.773,0.0,0.0,0.793,0.914,0.788,0.836,0.84,0.916,0.0,1.0,0.871,0.0,0.917,0.586,0.916,0.588,0.916,0.924,0.179,0.916,0.895,0.0,0.901,0.499,0.905,0.613,0.874,0.883,0.906,0.905,0.919,0.613,0.908,0.566,0.853,0.913,0.635,0.895,0.88,0.0,0.927,0.913,0.584,0.901,0.576,0.917,0.635,0.891,0.582,0.899,0.889
RXRA.H13CORE.2.SM.B,0.0,0.919,0.0,0.883,0.892,0.929,0.931,0.987,0.988,0.897,0.987,0.282,0.965,0.206,0.309,0.309,0.893,0.88,0.309,0.89,0.978,0.0,0.918,0.977,0.885,0.911,0.081,0.984,0.0,0.871,1.0,0.738,0.984,0.239,0.984,0.239,0.979,0.983,0.981,0.985,0.974,0.0,0.903,0.794,0.98,0.263,0.913,0.988,0.233,0.98,0.988,0.263,0.973,0.228,0.0,0.983,0.263,0.0,0.997,0.0,0.989,0.983,0.238,0.969,0.244,0.988,0.263,0.95,0.239,0.958,0.979
RXRA.H13CORE.3.P.B,0.0,0.646,0.0,0.631,0.611,0.619,0.629,0.641,0.0,0.701,0.641,0.283,0.623,0.224,0.23,0.28,0.632,0.0,0.28,0.663,0.568,0.195,0.6,0.558,0.725,0.0,0.0,0.0,0.0,0.0,0.738,1.0,0.0,0.0,0.0,0.0,0.659,0.635,0.0,0.675,0.686,0.0,0.916,0.921,0.0,0.0,0.0,0.695,0.0,0.0,0.666,0.0,0.647,0.0,0.0,0.0,0.0,0.0,0.726,0.884,0.0,0.0,0.0,0.0,0.0,0.672,0.0,0.664,0.0,0.64,0.0
RXRA_M03620_3.10,0.0,0.902,0.0,0.868,0.873,0.916,0.916,0.998,0.998,0.879,0.998,0.368,0.984,0.297,0.383,0.383,0.873,0.866,0.383,0.878,0.0,0.0,0.898,0.997,0.865,0.902,0.216,1.0,0.0,0.917,0.984,0.0,1.0,0.334,1.0,0.335,0.999,0.992,0.976,0.987,0.97,0.0,0.863,0.748,0.998,0.354,0.893,0.99,0.818,0.998,0.996,0.354,0.987,0.316,0.219,0.999,0.356,0.811,0.984,0.0,1.0,0.999,0.33,0.994,0.347,0.992,0.356,0.951,0.326,0.96,0.981
RXRA_M03621_3.10,0.0,0.243,0.0,0.237,0.25,0.243,0.243,0.329,0.329,0.243,0.329,0.973,0.34,0.93,0.432,0.432,0.228,0.175,0.432,0.232,0.0,0.0,0.251,0.344,0.233,0.235,0.079,0.332,0.0,0.586,0.239,0.0,0.334,1.0,0.332,0.999,0.338,0.328,0.2,0.297,0.301,0.0,0.189,0.168,0.333,0.987,0.272,0.287,0.797,0.333,0.328,0.987,0.338,0.945,0.335,0.334,0.978,0.763,0.256,0.0,0.289,0.334,0.998,0.34,0.984,0.323,0.978,0.309,0.957,0.334,0.23
RXRA_M03622_3.10,0.0,0.9,0.0,0.866,0.873,0.912,0.912,0.996,0.996,0.878,0.996,0.365,0.981,0.295,0.379,0.379,0.871,0.866,0.379,0.877,0.0,0.0,0.897,0.997,0.865,0.901,0.214,1.0,0.0,0.916,0.984,0.0,1.0,0.332,1.0,0.333,0.999,0.99,0.977,0.987,0.966,0.0,0.866,0.75,0.999,0.352,0.895,0.989,0.815,0.999,0.995,0.352,0.984,0.314,0.223,0.999,0.353,0.807,0.983,0.0,1.0,0.999,0.328,0.995,0.345,0.99,0.353,0.945,0.323,0.954,0.982
RXRA_M03623_3.10,0.0,0.242,0.0,0.235,0.248,0.243,0.243,0.33,0.33,0.243,0.33,0.977,0.339,0.926,0.43,0.43,0.227,0.174,0.43,0.228,0.0,0.0,0.253,0.344,0.229,0.236,0.083,0.333,0.0,0.588,0.239,0.0,0.335,0.999,0.333,1.0,0.338,0.327,0.199,0.294,0.301,0.0,0.185,0.161,0.334,0.99,0.268,0.285,0.795,0.334,0.328,0.99,0.338,0.943,0.33,0.334,0.98,0.764,0.256,0.0,0.289,0.334,0.999,0.341,0.983,0.324,0.98,0.307,0.957,0.337,0.232
RXRA_M05883_3.10,0.0,0.9,0.0,0.867,0.866,0.913,0.915,0.995,0.996,0.877,0.995,0.365,0.984,0.298,0.373,0.373,0.871,0.867,0.373,0.878,0.998,0.0,0.893,0.997,0.863,0.904,0.091,0.999,0.0,0.916,0.979,0.659,0.999,0.338,0.999,0.338,1.0,0.989,0.976,0.981,0.964,0.0,0.853,0.735,0.998,0.355,0.88,0.991,0.249,0.998,0.993,0.355,0.988,0.317,0.0,0.998,0.358,0.0,0.981,0.0,0.999,0.998,0.334,0.996,0.353,0.989,0.358,0.949,0.326,0.957,0.981
RXRA_M05884_3.10,0.0,0.898,0.0,0.862,0.883,0.92,0.922,0.995,0.995,0.879,0.995,0.372,0.985,0.296,0.383,0.383,0.872,0.852,0.383,0.868,0.987,0.0,0.903,0.987,0.857,0.892,0.096,0.99,0.0,0.924,0.983,0.635,0.992,0.328,0.99,0.327,0.989,1.0,0.965,0.986,0.974,0.0,0.836,0.71,0.984,0.352,0.867,0.988,0.247,0.984,0.995,0.352,0.989,0.319,0.0,0.989,0.358,0.0,0.983,0.0,0.996,0.989,0.326,0.975,0.331,0.992,0.358,0.958,0.329,0.963,0.975
RXRA_M06118_3.10,0.0,0.0,0.973,0.0,0.0,0.0,0.0,0.0,0.975,0.924,0.0,0.0,0.0,0.0,0.0,0.0,0.0,0.883,0.0,0.0,0.0,0.0,0.0,0.0,0.909,0.909,0.975,0.977,0.935,0.179,0.981,0.0,0.976,0.2,0.977,0.199,0.976,0.965,1.0,0.0,0.956,0.949,0.924,0.0,0.977,0.224,0.921,0.0,0.905,0.977,0.976,0.224,0.962,0.186,0.84,0.976,0.225,0.429,0.0,0.0,0.976,0.976,0.201,0.976,0.215,0.976,0.225,0.936,0.199,0.943,0.979
RXRA_M06702_3.10,0.0,0.909,0.0,0.873,0.902,0.916,0.92,0.983,0.987,0.888,0.983,0.345,0.959,0.27,0.32,0.32,0.883,0.0,0.32,0.878,0.975,0.0,0.915,0.97,0.877,0.907,0.0,0.987,0.0,0.916,0.985,0.675,0.987,0.297,0.987,0.294,0.981,0.986,0.0,1.0,0.953,0.0,0.864,0.743,0.98,0.318,0.888,0.98,0.0,0.98,0.984,0.318,0.967,0.288,0.0,0.984,0.325,0.0,0.984,0.0,0.996,0.984,0.297,0.975,0.298,0.98,0.325,0.932,0.296,0.932,0.981
RXRA_M06774_3.10,0.0,0.924,0.0,0.898,0.87,0.936,0.941,0.979,0.98,0.907,0.979,0.349,0.969,0.265,0.4,0.4,0.9,0.89,0.4,0.91,0.958,0.0,0.906,0.96,0.894,0.924,0.087,0.966,0.0,0.895,0.974,0.686,0.97,0.301,0.966,0.301,0.964,0.974,0.956,0.953,1.0,0.0,0.865,0.762,0.962,0.331,0.875,0.974,0.276,0.962,0.981,0.331,0.977,0.291,0.0,0.968,0.334,0.0,0.977,0.0,0.973,0.968,0.299,0.948,0.305,0.986,0.334,0.98,0.307,0.978,0.956
RXRA_M08962_3.10,0.881,0.0,0.897,0.0,0.0,0.0,0.0,0.0,0.0,0.0,0.0,0.0,0.0,0.0,0.0,0.0,0.0,0.832,0.0,0.0,0.0,0.0,0.0,0.0,0.0,0.0,0.94,0.0,0.992,0.0,0.0,0.0,0.0,0.0,0.0,0.0,0.0,0.0,0.949,0.0,0.0,1.0,0.0,0.0,0.0,0.0,0.0,0.0,0.953,0.0,0.0,0.0,0.0,0.0,0.918,0.0,0.0,0.982,0.0,0.0,0.0,0.0,0.0,0.0,0.0,0.0,0.0,0.0,0.0,0.0,0.0
RXRA_M08963_3.10,0.0,0.914,0.0,0.902,0.602,0.874,0.88,0.855,0.863,0.903,0.855,0.186,0.825,0.178,0.309,0.309,0.905,0.922,0.309,0.907,0.827,0.0,0.885,0.829,0.918,0.918,0.969,0.866,0.0,0.901,0.903,0.916,0.863,0.189,0.866,0.185,0.853,0.836,0.924,0.864,0.865,0.0,1.0,0.943,0.866,0.182,0.982,0.881,0.902,0.866,0.856,0.182,0.836,0.179,0.0,0.863,0.175,0.0,0.899,0.0,0.866,0.863,0.188,0.865,0.207,0.864,0.175,0.843,0.183,0.827,0.874
RXRA_M10652_3.10,0.0,0.769,0.0,0.764,0.647,0.728,0.736,0.711,0.749,0.786,0.711,0.125,0.698,0.148,0.199,0.198,0.758,0.0,0.198,0.801,0.667,0.166,0.699,0.665,0.826,0.0,0.0,0.75,0.0,0.499,0.794,0.921,0.748,0.168,0.75,0.161,0.735,0.71,0.0,0.743,0.762,0.0,0.943,1.0,0.751,0.149,0.894,0.757,0.0,0.751,0.738,0.149,0.727,0.164,0.0,0.746,0.174,0.0,0.793,0.74,0.0,0.746,0.16,0.75,0.175,0.752,0.174,0.759,0.143,0.731,0.0
MA0855.1,0.0,0.895,0.0,0.862,0.858,0.905,0.905,0.993,0.993,0.872,0.993,0.361,0.98,0.294,0.373,0.373,0.866,0.865,0.373,0.875,0.0,0.0,0.888,0.996,0.859,0.897,0.213,0.999,0.0,0.905,0.98,0.0,0.998,0.333,0.999,0.334,0.998,0.984,0.977,0.98,0.962,0.0,0.866,0.751,1.0,0.351,0.889,0.988,0.811,1.0,0.991,0.351,0.983,0.31,0.223,0.998,0.35,0.798,0.979,0.0,0.999,0.998,0.33,0.997,0.35,0.987,0.35,0.943,0.321,0.951,0.982
MA1555.1,0.0,0.253,0.0,0.263,0.277,0.27,0.27,0.353,0.353,0.238,0.353,0.991,0.357,0.947,0.455,0.455,0.245,0.166,0.455,0.254,0.0,0.0,0.252,0.361,0.242,0.263,0.084,0.352,0.0,0.613,0.263,0.0,0.354,0.987,0.352,0.99,0.355,0.352,0.224,0.318,0.331,0.0,0.182,0.149,0.351,1.0,0.267,0.303,0.803,0.351,0.353,1.0,0.358,0.967,0.348,0.354,0.994,0.798,0.28,0.0,0.315,0.354,0.989,0.353,0.975,0.35,0.994,0.331,0.982,0.37,0.258
RXRB.H13CORE.0.P.C,0.0,0.942,0.0,0.929,0.526,0.897,0.905,0.882,0.893,0.935,0.882,0.271,0.85,0.249,0.369,0.369,0.933,0.939,0.369,0.925,0.0,0.0,0.921,0.876,0.943,0.943,0.973,0.895,0.0,0.874,0.913,0.0,0.893,0.272,0.895,0.268,0.88,0.867,0.921,0.888,0.875,0.0,0.982,0.894,0.889,0.267,1.0,0.895,0.346,0.889,0.882,0.267,0.858,0.249,0.227,0.892,0.259,0.54,0.912,0.0,0.898,0.892,0.272,0.887,0.287,0.885,0.259,0.857,0.257,0.844,0.886
RXRB.H13CORE.1.SM.B,0.0,0.904,0.0,0.869,0.847,0.928,0.929,0.989,0.99,0.879,0.989,0.316,0.989,0.248,0.305,0.309,0.875,0.0,0.309,0.883,0.978,0.28,0.886,0.977,0.868,0.913,0.0,0.989,0.0,0.883,0.988,0.695,0.99,0.287,0.989,0.285,0.991,0.988,0.0,0.98,0.974,0.0,0.881,0.757,0.988,0.303,0.895,1.0,0.0,0.988,0.99,0.303,0.992,0.265,0.0,0.988,0.303,0.0,0.991,0.647,0.989,0.988,0.283,0.983,0.303,0.989,0.303,0.965,0.275,0.957,0.974
RXRB.H13CORE.2.PS.A,0.0,0.0,0.84,0.0,0.0,0.0,0.0,0.0,0.82,0.607,0.0,0.0,0.0,0.0,0.0,0.0,0.0,0.771,0.0,0.0,0.0,0.0,0.0,0.0,0.596,0.31,0.863,0.815,0.944,0.906,0.233,0.0,0.818,0.797,0.815,0.795,0.249,0.247,0.905,0.0,0.276,0.953,0.902,0.0,0.811,0.803,0.346,0.0,1.0,0.811,0.248,0.803,0.262,0.776,0.839,0.816,0.814,0.891,0.0,0.0,0.218,0.816,0.788,0.808,0.781,0.257,0.814,0.3,0.791,0.132,0.125
RXRB_M03627_3.10,0.0,0.895,0.0,0.862,0.858,0.905,0.905,0.993,0.993,0.872,0.993,0.361,0.98,0.294,0.373,0.373,0.866,0.865,0.373,0.875,0.0,0.0,0.888,0.996,0.859,0.897,0.213,0.999,0.0,0.905,0.98,0.0,0.998,0.333,0.999,0.334,0.998,0.984,0.977,0.98,0.962,0.0,0.866,0.751,1.0,0.351,0.889,0.988,0.811,1.0,0.991,0.351,0.983,0.31,0.223,0.998,0.35,0.798,0.979,0.0,0.999,0.998,0.33,0.997,0.35,0.987,0.35,0.943,0.321,0.951,0.982
RXRB_M05893_3.10,0.0,0.912,0.0,0.877,0.883,0.928,0.93,1.0,1.0,0.89,1.0,0.37,0.983,0.291,0.385,0.385,0.883,0.867,0.385,0.886,0.991,0.0,0.91,0.991,0.872,0.905,0.108,0.995,0.0,0.919,0.988,0.666,0.996,0.328,0.995,0.328,0.993,0.995,0.976,0.984,0.981,0.0,0.856,0.738,0.991,0.353,0.882,0.99,0.248,0.991,1.0,0.353,0.99,0.314,0.0,0.995,0.356,0.0,0.989,0.0,0.997,0.995,0.325,0.982,0.335,0.998,0.356,0.964,0.327,0.972,0.977
RXRB_M05894_3.10,0.0,0.253,0.0,0.263,0.277,0.27,0.27,0.353,0.353,0.238,0.353,0.991,0.357,0.947,0.455,0.455,0.245,0.166,0.455,0.254,0.0,0.0,0.252,0.361,0.242,0.263,0.084,0.352,0.0,0.613,0.263,0.0,0.354,0.987,0.352,0.99,0.355,0.352,0.224,0.318,0.331,0.0,0.182,0.149,0.351,1.0,0.267,0.303,0.803,0.351,0.353,1.0,0.358,0.967,0.348,0.354,0.994,0.798,0.28,0.0,0.315,0.354,0.989,0.353,0.975,0.35,0.994,0.331,0.982,0.37,0.258
RXRB_M05895_3.10,0.0,0.897,0.0,0.869,0.852,0.926,0.926,0.99,0.99,0.876,0.99,0.373,0.998,0.3,0.371,0.371,0.872,0.855,0.371,0.883,0.981,0.0,0.886,0.984,0.858,0.897,0.106,0.984,0.0,0.908,0.973,0.647,0.987,0.338,0.984,0.338,0.988,0.989,0.962,0.967,0.977,0.0,0.836,0.727,0.983,0.358,0.858,0.992,0.262,0.983,0.99,0.358,1.0,0.318,0.0,0.984,0.361,0.0,0.977,0.0,0.985,0.984,0.334,0.976,0.356,0.991,0.361,0.979,0.33,0.977,0.962
RXRB_M05896_3.10,0.0,0.213,0.0,0.223,0.236,0.229,0.229,0.314,0.314,0.204,0.314,0.957,0.317,0.993,0.454,0.454,0.205,0.16,0.454,0.212,0.0,0.0,0.213,0.323,0.202,0.221,0.079,0.314,0.0,0.566,0.228,0.0,0.316,0.945,0.314,0.943,0.317,0.319,0.186,0.288,0.291,0.0,0.179,0.164,0.31,0.967,0.249,0.265,0.776,0.31,0.314,0.967,0.318,1.0,0.303,0.315,0.969,0.76,0.242,0.0,0.277,0.315,0.938,0.312,0.939,0.309,0.969,0.291,0.994,0.33,0.218
RXRB_M10655_3.10,0.856,0.0,0.799,0.0,0.0,0.0,0.0,0.0,0.216,0.0,0.0,0.0,0.0,0.0,0.0,0.0,0.0,0.72,0.0,0.0,0.0,0.0,0.0,0.0,0.0,0.172,0.851,0.223,0.918,0.853,0.0,0.0,0.219,0.335,0.223,0.33,0.0,0.0,0.84,0.0,0.0,0.918,0.0,0.0,0.223,0.348,0.227,0.0,0.839,0.223,0.0,0.348,0.0,0.303,1.0,0.222,0.364,0.871,0.0,0.0,0.221,0.222,0.334,0.227,0.344,0.0,0.364,0.0,0.342,0.0,0.224
MA0856.1,0.0,0.899,0.0,0.864,0.872,0.912,0.912,0.997,0.997,0.876,0.997,0.366,0.981,0.296,0.385,0.385,0.869,0.863,0.385,0.875,0.0,0.0,0.895,0.995,0.862,0.898,0.202,0.999,0.0,0.913,0.983,0.0,0.999,0.334,0.999,0.334,0.998,0.989,0.976,0.984,0.968,0.0,0.863,0.746,0.998,0.354,0.892,0.988,0.816,0.998,0.995,0.354,0.984,0.315,0.222,1.0,0.354,0.811,0.981,0.0,0.999,1.0,0.33,0.994,0.347,0.991,0.354,0.947,0.325,0.957,0.98
MA1556.1,0.0,0.255,0.0,0.263,0.282,0.272,0.272,0.356,0.356,0.24,0.356,0.995,0.358,0.954,0.483,0.483,0.246,0.17,0.483,0.255,0.0,0.0,0.256,0.365,0.245,0.269,0.094,0.353,0.0,0.635,0.263,0.0,0.356,0.978,0.353,0.98,0.358,0.358,0.225,0.325,0.334,0.0,0.175,0.174,0.35,0.994,0.259,0.303,0.814,0.35,0.356,0.994,0.361,0.969,0.364,0.354,1.0,0.813,0.281,0.0,0.316,0.354,0.98,0.353,0.962,0.353,1.0,0.336,0.982,0.377,0.261
RXRG.H13CORE.0.P.B,0.911,0.0,0.959,0.0,0.0,0.0,0.0,0.0,0.823,0.0,0.0,0.0,0.0,0.0,0.0,0.0,0.0,0.43,0.0,0.0,0.0,0.0,0.0,0.0,0.0,0.445,0.942,0.807,0.988,0.895,0.0,0.0,0.811,0.763,0.807,0.764,0.0,0.0,0.429,0.0,0.0,0.982,0.0,0.0,0.798,0.798,0.54,0.0,0.891,0.798,0.0,0.798,0.0,0.76,0.871,0.811,0.813,1.0,0.0,0.0,0.406,0.811,0.762,0.78,0.764,0.0,0.813,0.0,0.782,0.0,0.116
RXRG.H13CORE.1.SM.B,0.0,0.93,0.0,0.898,0.896,0.939,0.941,0.987,0.988,0.908,0.987,0.299,0.968,0.221,0.311,0.311,0.906,0.0,0.311,0.906,0.977,0.0,0.927,0.975,0.899,0.924,0.0,0.983,0.0,0.88,0.997,0.726,0.984,0.256,0.983,0.256,0.981,0.983,0.0,0.984,0.977,0.0,0.899,0.793,0.979,0.28,0.912,0.991,0.0,0.979,0.989,0.28,0.977,0.242,0.0,0.981,0.281,0.0,1.0,0.0,0.988,0.981,0.255,0.97,0.261,0.991,0.281,0.96,0.255,0.959,0.978
RXRG.H13CORE.2.P.B,0.0,0.569,0.0,0.531,0.528,0.548,0.567,0.0,0.0,0.0,0.0,0.0,0.0,0.0,0.213,0.203,0.531,0.0,0.203,0.556,0.603,0.157,0.549,0.597,0.0,0.0,0.0,0.0,0.0,0.0,0.0,0.884,0.0,0.0,0.0,0.0,0.0,0.0,0.0,0.0,0.0,0.0,0.0,0.74,0.0,0.0,0.0,0.647,0.0,0.0,0.0,0.0,0.0,0.0,0.0,0.0,0.0,0.0,0.0,1.0,0.0,0.0,0.0,0.0,0.0,0.0,0.0,0.0,0.0,0.0,0.0
RXRG_M02958_3.10,0.0,0.945,0.971,0.921,0.0,0.0,0.959,0.998,0.998,0.938,0.998,0.332,0.982,0.252,0.0,0.0,0.933,0.867,0.0,0.912,0.0,0.0,0.942,0.0,0.902,0.902,0.945,1.0,0.859,0.927,0.989,0.0,1.0,0.289,1.0,0.289,0.999,0.996,0.976,0.996,0.973,0.0,0.866,0.0,0.999,0.315,0.898,0.989,0.218,0.999,0.997,0.315,0.985,0.277,0.221,0.999,0.316,0.406,0.988,0.0,1.0,0.999,0.287,0.997,0.299,0.994,0.316,0.948,0.293,0.957,0.981
RXRG_M03587_3.10,0.0,0.899,0.0,0.864,0.872,0.912,0.912,0.997,0.997,0.876,0.997,0.366,0.981,0.296,0.385,0.385,0.869,0.863,0.385,0.875,0.0,0.0,0.895,0.995,0.862,0.898,0.202,0.999,0.0,0.913,0.983,0.0,0.999,0.334,0.999,0.334,0.998,0.989,0.976,0.984,0.968,0.0,0.863,0.746,0.998,0.354,0.892,0.988,0.816,0.998,0.995,0.354,0.984,0.315,0.222,1.0,0.354,0.811,0.981,0.0,0.999,1.0,0.33,0.994,0.347,0.991,0.354,0.947,0.325,0.957,0.98
RXRG_M03588_3.10,0.0,0.249,0.0,0.241,0.254,0.242,0.242,0.326,0.326,0.249,0.326,0.976,0.335,0.921,0.425,0.425,0.233,0.174,0.425,0.234,0.0,0.0,0.26,0.34,0.235,0.235,0.09,0.328,0.0,0.584,0.238,0.0,0.33,0.998,0.328,0.999,0.334,0.326,0.201,0.297,0.299,0.0,0.188,0.16,0.33,0.989,0.272,0.283,0.788,0.33,0.325,0.989,0.334,0.938,0.334,0.33,0.98,0.762,0.255,0.0,0.287,0.33,1.0,0.336,0.982,0.321,0.98,0.305,0.954,0.336,0.23
RXRG_M03589_3.10,0.0,0.886,0.0,0.854,0.845,0.894,0.894,0.985,0.985,0.862,0.985,0.361,0.974,0.299,0.359,0.359,0.856,0.867,0.359,0.869,0.0,0.0,0.875,0.995,0.852,0.898,0.207,0.995,0.0,0.901,0.969,0.0,0.994,0.34,0.995,0.341,0.996,0.975,0.976,0.975,0.948,0.0,0.865,0.75,0.997,0.353,0.887,0.983,0.808,0.997,0.982,0.353,0.976,0.312,0.227,0.994,0.353,0.78,0.97,0.0,0.997,0.994,0.336,1.0,0.362,0.977,0.353,0.931,0.32,0.942,0.982
RXRG_M03590_3.10,0.0,0.256,0.0,0.254,0.277,0.255,0.255,0.338,0.338,0.253,0.338,0.952,0.361,0.92,0.48,0.48,0.24,0.174,0.48,0.255,0.0,0.0,0.259,0.357,0.246,0.246,0.088,0.345,0.0,0.576,0.244,0.0,0.347,0.984,0.345,0.983,0.353,0.331,0.215,0.298,0.305,0.0,0.207,0.175,0.35,0.975,0.287,0.303,0.781,0.35,0.335,0.975,0.356,0.939,0.344,0.347,0.962,0.764,0.261,0.0,0.299,0.347,0.982,0.362,1.0,0.331,0.962,0.326,0.953,0.348,0.241
RXRG_M05827_3.10,0.0,0.923,0.0,0.891,0.887,0.939,0.94,0.997,0.997,0.903,0.997,0.368,0.984,0.286,0.388,0.388,0.898,0.877,0.388,0.901,0.985,0.0,0.917,0.986,0.887,0.915,0.107,0.99,0.0,0.917,0.988,0.672,0.992,0.323,0.99,0.324,0.989,0.992,0.976,0.98,0.986,0.0,0.864,0.752,0.987,0.35,0.885,0.989,0.257,0.987,0.998,0.35,0.991,0.309,0.0,0.991,0.353,0.0,0.991,0.0,0.994,0.991,0.321,0.977,0.331,1.0,0.353,0.975,0.324,0.979,0.976
RXRG_M05828_3.10,0.0,0.255,0.0,0.263,0.282,0.272,0.272,0.356,0.356,0.24,0.356,0.995,0.358,0.954,0.483,0.483,0.246,0.17,0.483,0.255,0.0,0.0,0.256,0.365,0.245,0.269,0.094,0.353,0.0,0.635,0.263,0.0,0.356,0.978,0.353,0.98,0.358,0.358,0.225,0.325,0.334,0.0,0.175,0.174,0.35,0.994,0.259,0.303,0.814,0.35,0.356,0.994,0.361,0.969,0.364,0.354,1.0,0.813,0.281,0.0,0.316,0.354,0.98,0.353,0.962,0.353,1.0,0.336,0.982,0.377,0.261
RXRG_M05829_3.10,0.0,0.914,0.0,0.892,0.842,0.937,0.938,0.963,0.963,0.896,0.963,0.356,0.973,0.272,0.39,0.39,0.893,0.871,0.39,0.911,0.939,0.0,0.89,0.945,0.881,0.911,0.108,0.945,0.0,0.891,0.95,0.664,0.951,0.309,0.945,0.307,0.949,0.958,0.936,0.932,0.98,0.0,0.843,0.759,0.943,0.331,0.857,0.965,0.3,0.943,0.964,0.331,0.979,0.291,0.0,0.947,0.336,0.0,0.96,0.0,0.948,0.947,0.305,0.931,0.326,0.975,0.336,1.0,0.308,0.98,0.927
RXRG_M05830_3.10,0.0,0.229,0.0,0.238,0.251,0.246,0.246,0.327,0.327,0.215,0.327,0.973,0.328,0.982,0.463,0.463,0.222,0.163,0.463,0.228,0.0,0.0,0.229,0.331,0.216,0.234,0.08,0.323,0.0,0.582,0.239,0.0,0.326,0.957,0.323,0.957,0.326,0.329,0.199,0.296,0.307,0.0,0.183,0.143,0.321,0.982,0.257,0.275,0.791,0.321,0.327,0.982,0.33,0.994,0.342,0.325,0.982,0.782,0.255,0.0,0.293,0.325,0.954,0.32,0.953,0.324,0.982,0.308,1.0,0.351,0.233
RXRG_M06771_3.10,0.0,0.942,0.0,0.93,0.328,0.971,0.972,0.97,0.971,0.934,0.97,0.398,0.966,0.307,0.399,0.399,0.937,0.848,0.399,0.917,0.94,0.0,0.922,0.948,0.898,0.898,0.867,0.954,0.0,0.899,0.958,0.64,0.96,0.334,0.954,0.337,0.957,0.963,0.943,0.932,0.978,0.0,0.827,0.731,0.951,0.37,0.844,0.957,0.132,0.951,0.972,0.37,0.977,0.33,0.0,0.957,0.377,0.0,0.959,0.0,0.957,0.957,0.336,0.942,0.348,0.979,0.377,0.98,0.351,1.0,0.932
RXRG_M10638_3.10,0.0,0.933,0.0,0.904,0.0,0.937,0.939,0.977,0.978,0.927,0.977,0.271,0.956,0.193,0.0,0.0,0.925,0.887,0.0,0.897,0.0,0.0,0.917,0.0,0.896,0.896,0.935,0.982,0.0,0.889,0.979,0.0,0.981,0.23,0.982,0.232,0.981,0.975,0.979,0.981,0.956,0.0,0.874,0.0,0.982,0.258,0.886,0.974,0.125,0.982,0.977,0.258,0.962,0.218,0.224,0.98,0.261,0.116,0.978,0.0,0.981,0.98,0.23,0.982,0.241,0.976,0.261,0.927,0.233,0.932,1.0
