cluster,cluster_size,representative,database,name,architecture,width,consensus,other_members
8,15,RXRB.H13CORE.1.SM.B,HOCOMOCO v13/v14 CORE,RXRB,DR1,17,RGGGGTCAAAGGTCAHG,MA1550.1;MA1550.2;PPARD_M05793_3.10;PPARD_M05795_3.10;MA0065.1;RXRA.H13CORE.2.SM.B;RXRA_M05883_3.10;RXRA_M05884_3.10;MA0855.1;RXRB_M05893_3.10;RXRB_M05895_3.10;MA0856.1;RXRG.H13CORE.1.SM.B;RXRG_M05827_3.10
15,5,MA1556.1,JASPAR 2026,RXRG,IR0,14,GAGGTCATGACCTY,PPARD_M05794_3.10;MA1555.1;RXRB_M05894_3.10;RXRG_M05828_3.10
16,3,RXRG_M05830_3.10,CIS-BP 3.10,RXRG,IR0,14,RAGGTCACGACCTY,PPARD_M05796_3.10;RXRB_M05896_3.10
14,3,MA0066.1,JASPAR 2026,PPARG,IR3,20,GTAGGTCACSGTGACCYACT,MA0066.2;PPARG_M02901_3.10
13,2,PPARA_M10653_3.10,CIS-BP 3.10,PPARA,DR1,17,AASTRGGKCAAAGGTCA,PPARG_M10636_3.10
12,2,MA1148.1,JASPAR 2026,PPARA::RXRA,DR1,18,AWGTRGGTCAAAGGTCAT,MA1148.2
1,2,RXRA.H13CORE.0.PS.A,HOCOMOCO v13/v14 CORE,RXRA,single half-site,9,CAGAGGTCA,RXRA_M08962_3.10
6,2,RXRA_M08963_3.10,CIS-BP 3.10,RXRA,single half-site,15,GGKCAAAGGTCARRG,RXRB.H13CORE.0.P.C
4,1,RXRA_M06118_3.10,CIS-BP 3.10,RXRA,single half-site,11,GTCAAAGGTCA,
11,1,RXRA_M06774_3.10,CIS-BP 3.10,RXRA,DR1,15,RRGGTCAAAGGTCAM,
7,1,RXRA_M10652_3.10,CIS-BP 3.10,RXRA,single half-site,20,RRGKGRGRSAGAGGTCARRG,
2,1,RXRB.H13CORE.2.PS.A,HOCOMOCO v13/v14 CORE,RXRB,single half-site,11,ARRGGTCAWDK,
3,1,RXRB_M10655_3.10,CIS-BP 3.10,RXRB,single half-site,10,TGAGGTCASR,
9,1,RXRG_M05829_3.10,CIS-BP 3.10,RXRG,DR1,15,RRGGTCAAAGGTCAW,
10,1,RXRG_M06771_3.10,CIS-BP 3.10,RXRG,DR1,15,RGGTCAAAGGTYAWR,
5,1,RXRG_M10638_3.10,CIS-BP 3.10,RXRG,single half-site,13,GGTCAAAGGTCAH,
