motif_id,tier,n_sites,width,frac_in_repeat,median_log10_dist_obs,median_log10_dist_ctrl_paper,median_log10_dist_ctrl_repeat,median_log10_dist_ctrl_gc,mean_site_gc_class,frac_within_20bp,frac_within_1kb,CP_paper,CP_paper_sd,CP_repeat_matched,CP_repeat_matched_sd,CP_gc_matched,CP_gc_matched_sd
MA0065.1,1e-06,9667,20,0.37788352125788766,5.278701025280639,5.305512572305606,5.301082830371479,5.285503610622709,0.4304035178479048,0.0003111065021258944,0.011925749248159286,0.045102653317374695,0.00393527140388221,0.042467277363898645,0.0038458988842414747,0.03250525507130164,0.0028909408329044766
MA1550.1,1e-06,12467,16,0.4860030480468437,5.184040913592385,5.197186279497191,5.193758473798606,5.1365530907751396,0.44986742728587503,0.0019289503295290146,0.01342227937630606,0.027577816420166424,0.0034497657831701555,0.026499770248643518,0.0032529098034769074,-0.03614709017955885,0.004367727237874539
MA1148.1,1e-06,12597,18,0.49083115027387475,5.174903982814648,5.1908152943973,5.19013744143298,5.166826135152698,0.43132544472681067,0.001033879433752187,0.011054557022427232,0.02658660728487356,0.0028641661401150585,0.028352155240973443,0.00217835945996538,0.013952409769805996,0.0014539442007319514
MA1148.2,1e-06,12265,17,0.49645332246229107,5.1949054465809255,5.200098784835356,5.19954483192574,5.183302747039469,0.4280342577487765,0.0008985459892174481,0.01110929586668845,0.02279856232641726,0.0017563249642570638,0.024072863911125637,0.0018880071364429367,0.009291179272537885,0.011012512217180604
MA0066.1,1e-06,9866,20,0.41060206770727753,5.274520378622749,5.2975242828918425,5.29571081372147,5.24910096172856,0.4465918305290898,0.0015240804714488924,0.01625685836212152,0.04207642593885556,0.002750810095074947,0.042098055917655204,0.0030773505602982717,-0.03294214906608432,0.002024449795980568
MA0066.2,1e-06,8767,19,0.42500285160260065,5.33745025031657,5.348628181453586,5.345632763603933,5.313716045757874,0.4401220485913083,0.0005719514985129262,0.012239762068176618,0.015326659658821773,0.03383680600725802,0.03029134937225576,0.022128346257351647,-0.03321136585366875,0.002300043452772454
MA1550.2,1e-06,12546,14,0.4813486370157819,5.178922296757725,5.190974086634162,5.193254341141202,5.134269880469437,0.4504930533375918,0.002076345631688229,0.01373582494809136,0.025835987099182316,0.0027461622682058095,0.027162070982811204,0.003215503426198971,-0.03558096377685089,0.003692191704254668
RXRB.H13CORE.1.SM.B,1e-06,14407,17,0.4675504962865274,5.086071391489043,5.132164871059707,5.132815935000496,5.046530779370936,0.46306063556080945,0.003128476084538376,0.018701334816462738,0.05029894327030034,0.0032965672728821655,0.050729977753058965,0.0023220765082457664,-0.029594667995584616,0.002363278135174857
RXRA.H13CORE.2.SM.B,1e-06,12761,15,0.4894600736619387,5.1667896559943856,5.184213855892755,5.186792072969892,5.1295202878120865,0.4495172305518486,0.0016486104569006124,0.013424399434762129,0.030326581880986036,0.002748592362723788,0.03143350604490501,0.0031545441428614983,-0.030794149972754044,0.0027628646262841043
RXRB.H13CORE.0.P.C,1e-06,36477,14,0.44249801244619896,4.628215177384408,4.72835236588167,4.727749976094689,4.620357113271356,0.4676773219920428,0.0034564108191145007,0.03612772260931585,0.08601250891534538,0.0011627505446929476,0.08500301750150875,0.0014065897504465874,0.015469060510325105,0.0009231658197261181
MA0855.1,1e-06,11667,14,0.4929287734636153,5.2086267506010815,5.222758807365494,5.223770138507023,5.171945462033975,0.44726753670473085,0.0014599793885262796,0.013225695637238062,0.02755066987289591,0.0021958717711435117,0.02663174166952938,0.002186666061793056,-0.029347976550488552,0.003444189284262823
PPARA_M10653_3.10,1e-06,25878,17,0.4993044284720612,4.83916368291465,4.877148723739376,4.877017785545926,4.832140924641793,0.44231475397162845,0.0008122220073486753,0.018874492361245408,0.03790369367627151,0.0019732215821603102,0.03583059369561015,0.0009671165940548617,0.013080174587450269,0.0009889553378960648
MA1555.1,1e-06,5731,14,0.3718373756761473,5.658237552690183,5.531124762656939,5.533352579724719,5.479569190926922,0.45252181500872596,0.00070212392487274,0.011409513779182026,-0.118119391572963,0.003863436990795722,-0.11764319459497426,0.002157489519645557,-0.13709630604015732,0.004900561116358413
MA1556.1,1e-06,5762,14,0.409580006942034,5.550735141920918,5.532194219354502,5.5280221266799945,5.489981740115075,0.44729600694444444,0.001220788280432508,0.01168468782699686,-0.05859557657289877,0.0020382302340857133,-0.05828826599807594,0.0033710756112932,-0.06595375638551094,0.002936473155297283
MA0856.1,1e-06,11029,14,0.5043068274548916,5.23288815819846,5.249602459015467,5.248255191120992,5.194963492812594,0.4477722772277228,0.0014540167211922936,0.012450018175209014,0.026731717929475436,0.0020919684686800896,0.025944184438440866,0.002840892985677445,-0.03047389450358252,0.0033612789420782254
PPARD_M05796_3.10,1e-06,2967,16,0.2844624199528143,5.781638350621995,5.819802507888011,5.816933794317674,5.674723067836928,0.5007583417593529,0.002722940776038121,0.025527569775357386,-0.014492503059418899,0.06978395186030552,-0.04202531668985112,0.057620338666620315,-0.0773611383446296,0.005857163416038274
PPARD_M05795_3.10,1e-06,12674,16,0.4859554994476882,5.150965087504414,5.18669727835585,5.188269876293779,5.101987761699509,0.4636264822134387,0.0035573122529644267,0.018656126482213438,0.04777362848099309,0.0018663206718344944,0.04770215418300292,0.002890061260422043,-0.03655189096956738,0.0020400429119573193
PPARD_M05793_3.10,1e-06,12542,16,0.48277786636900016,5.179836057594124,5.193231970948193,5.192151685191308,5.133123045605019,0.44973444613050073,0.001917392346408884,0.013901094511464408,0.03062176904383279,0.0026519736390238574,0.029824124229788602,0.0044873147597874865,-0.03569265114534647,0.002028849137288602
PPARD_M05794_3.10,1e-06,6052,16,0.39689358889623266,5.582037213503842,5.509005119853832,5.510607371611625,5.476415190036345,0.44083622541728645,0.0006640106241699867,0.008300132802124834,-0.08758900649957256,0.002579819602834521,-0.0883651852478404,0.0021249672995241275,-0.09625132515723436,0.0028784988821876005
PPARG_M10636_3.10,1e-06,37868,17,0.45972853068553926,4.645599095352446,4.711476061209306,4.712073570714914,4.636319812006175,0.45583725169061706,0.004042806183115339,0.033240850838948344,0.06313119302417758,0.0014275478798076175,0.062002906592680686,0.001668382189943587,0.017126449877106095,0.001294526728594979
PPARG_M02901_3.10,1e-06,8800,19,0.4239772727272727,5.336603807656487,5.345630893380081,5.344060667873068,5.3093253580131154,0.4400113636363637,0.0005698005698005698,0.012307692307692308,0.022272179261583383,0.028191840678869064,0.022375444497354034,0.029148989042292517,-0.03532423872676806,0.0033403625758780717
RXRA_M05883_3.10,1e-06,12549,15,0.4859351342736473,5.174161606288062,5.193439921819093,5.192537045730972,5.129554035157232,0.45046296296296295,0.0017567675477122096,0.013894434240996567,0.03146921336463724,0.0037014178108394453,0.02999022561698992,0.002096950563714548,-0.034829402264487455,0.0029278074119469034
RXRA_M05884_3.10,1e-06,7697,15,0.3676757178121346,5.373415920204764,5.405348337236414,5.403719631127081,5.3806724812702615,0.43255783727579933,0.0013034410844629822,0.01251303441084463,0.03918742796594163,0.0029291081153820443,0.03941345966486786,0.0027246735744525744,0.027684804870910563,0.0031974873057164133
RXRA_M08963_3.10,1e-06,45349,15,0.4578932280755915,4.511535786344954,4.633700127763978,4.63491462273758,4.495776447419756,0.4773221812724825,0.006685052399338113,0.056503033645890786,0.10368821353981558,0.0018906503647100345,0.10479358359915089,0.0017439631747383976,0.022730869531487764,0.0005949279961628427
RXRA_M06774_3.10,1e-06,15039,15,0.48088303743599975,5.081019482631868,5.116508031313447,5.114112880343835,5.041662493187738,0.455976957911561,0.0020646020646020646,0.01611721611721612,0.03995007922285493,0.0023938419042759803,0.03977023110081181,0.002263983547147836,-0.030174218053895245,0.003442334968914995
RXRA_M06118_3.10,1e-06,14648,11,0.5363189513926816,5.10357625199409,5.126471180487428,5.1256094568140895,5.0756804681743475,0.445066329321663,0.002461706783369803,0.013539387308533917,0.025452481811891005,0.0031467557454461863,0.024223804914997475,0.0018216960508455787,-0.024322264448030227,0.002192488681806629
RXRA_M10652_3.10,1e-06,180684,20,0.5484270881760421,3.8793826371743427,4.032016467561197,4.032721859003244,3.884900330286637,0.4812960994085985,0.04448663518966462,0.1951444971521247,0.14260576438744393,0.0006474658848153072,0.14265502792523016,0.0007758005992795397,0.07493146120011991,0.0003854851327900129
RXRB_M05893_3.10,1e-06,12351,15,0.48271395028742614,5.184292433659173,5.199327209918524,5.198628420402968,5.144709400629969,0.44883414436334146,0.0017037157228622425,0.01362972578289794,0.026375817176524874,0.003673365361586668,0.029765989557113938,0.0016865143254906844,-0.031767916721804325,0.003136274401116079
RXRB_M05894_3.10,1e-06,5800,14,0.36931034482758623,5.644975954811678,5.527326597620567,5.526128652809051,5.475969087575079,0.45369460251767546,0.000693601525923357,0.011271024796254551,-0.11403354770607081,0.0032884994086816925,-0.1144201822315846,0.0034016270187306346,-0.1304849128458941,0.003173640593621235
RXRB.H13CORE.2.PS.A,1e-06,35320,11,0.6648074745186863,4.6691634069174475,4.742073210221562,4.741798686478125,4.609708809906745,0.4696951859521715,0.003909791477787851,0.14862873980054397,0.1373019562517686,0.0004651454878227798,0.13654835072818555,0.0005182644001372454,0.12559084347415478,0.000792564887064636
RXRG.H13CORE.1.SM.B,1e-06,13975,16,0.47069767441860466,5.109909119268299,5.144247912368972,5.145657176801455,5.068672664708549,0.4576082282110092,0.0022220629345566624,0.014981004945882016,0.04000284580566715,0.001844950831006326,0.039440372253904385,0.0018967168911641543,-0.03058047041243021,0.002663472543856228
RXRB_M05895_3.10,1e-06,13352,15,0.47431096464949074,5.134078232063215,5.164930829914821,5.165610472340193,5.084167639628784,0.45980079531812723,0.0023259303721488594,0.016206482593037214,0.040518608411179026,0.002164733651259362,0.03917104485278246,0.0023017118755828806,-0.03702278487494209,0.0031647090633687
RXRB_M05896_3.10,1e-06,3111,14,0.3474766955962713,5.881171737513758,5.794862678435499,5.798961110080213,5.730304885685933,0.4709418193506911,0.0016228497241155468,0.012009087958455048,-0.10718068960182163,0.0030395968375968477,-0.10723141416638497,0.003963194008004872,-0.11309133112356698,0.003795966341556799
RXRB_M10655_3.10,1e-06,3476,10,0.7252589182968929,5.6648496728110675,5.748669487792926,5.748655311204351,5.713669278514969,0.44202648244099024,0.0017376194613379669,0.010136113524471474,0.07092383434694469,0.005873236604123558,0.07263249348392702,0.005198035365464134,0.04546869947835331,0.005072960214237157
RXRG_M05829_3.10,1e-06,23018,15,0.47402033191415416,4.8632841866202146,4.926772264540445,4.928216470179775,4.828475759434186,0.46874592267211757,0.0064364616856571275,0.029964338523092982,0.06033610269167848,0.0017244372438482533,0.06091039811608965,0.00201654869041605,-0.026227543071276487,0.0018332133435415192
RXRG_M05827_3.10,1e-06,13441,15,0.47176549363886616,5.135955916517145,5.162698169654192,5.162433740004003,5.097517285882314,0.4540598449843494,0.0020869046731758216,0.014980994261012149,0.03371343441161741,0.0030035909750717577,0.03401146699971171,0.003966940685422915,-0.030384208075290593,0.002722038487090991
RXRG_M05828_3.10,1e-06,5871,14,0.40964060637029465,5.542020801717018,5.520588408552103,5.519124395009588,5.480123468789338,0.44799795535866416,0.001198014718466541,0.011466712305322608,-0.0575354148322042,0.001708759755571483,-0.05740760923133905,0.002134268668741614,-0.06428634161927489,0.00371846559324312
RXRG_M05830_3.10,1e-06,3481,14,0.36024130996839987,5.8131017318238065,5.746499010801971,5.745354077867797,5.691854879558638,0.461490950876185,0.0014484356894553883,0.011877172653534183,-0.08526427375149703,0.0029332636636918035,-0.08397832423111437,0.0031009350461145054,-0.09777078291593141,0.0036016942124615058
RXRG_M06771_3.10,1e-06,14300,15,0.5024475524475525,5.108502440632895,5.133759617826572,5.135217731343008,5.07980225822236,0.44870411880078453,0.0031521434575511346,0.018982908377696835,0.036525311260827364,0.0022327483397941356,0.03591660533267126,0.002891717279812897,-0.022609661526970172,0.002865660774770284
RXRG_M10638_3.10,1e-06,8435,13,0.4844101956135151,5.358416494206775,5.365204283554779,5.365538338682022,5.357397032029075,0.4174433772085854,0.0009510223490252021,0.008440323347598668,0.014182120779838325,0.0021325562910970153,0.014728958630527816,0.0025982073733078464,0.009763015221282898,0.0014668456322890623
