"Motif_name","Start","Reverse_complement","Family","n_half_sites","confident","Start_unshifted"
"MA0065.1",2,FALSE,"BOTH",2,TRUE,2
"MA1148.1",2,FALSE,"BOTH",2,TRUE,2
"MA1148.2",2,FALSE,"BOTH",2,TRUE,2
"PPARA_M10653_3.10",2,FALSE,"PPAR",2,TRUE,2
"MA1550.1",4,FALSE,"PPAR",2,TRUE,4
"MA1550.2",5,FALSE,"PPAR",2,TRUE,5
"PPARD_M05793_3.10",4,FALSE,"PPAR",2,TRUE,4
"PPARD_M05794_3.10",4,FALSE,"PPAR",1,TRUE,4
"PPARD_M05795_3.10",4,FALSE,"PPAR",2,TRUE,4
"PPARD_M05796_3.10",4,FALSE,"PPAR",1,TRUE,4
"MA0066.1",4,FALSE,"PPAR",1,TRUE,4
"MA0066.2",5,FALSE,"PPAR",1,TRUE,5
"PPARG_M02901_3.10",5,FALSE,"PPAR",1,TRUE,5
"PPARG_M10636_3.10",2,FALSE,"PPAR",2,TRUE,2
"RXRA.H13CORE.0.PS.A",10,FALSE,"RXR",1,TRUE,10
"RXRA.H13CORE.2.SM.B",5,FALSE,"RXR",2,TRUE,5
"RXRA_M05883_3.10",5,FALSE,"RXR",2,TRUE,5
"RXRA_M05884_3.10",5,FALSE,"RXR",2,TRUE,5
"RXRA_M06118_3.10",8,FALSE,"RXR",1,TRUE,8
"RXRA_M06774_3.10",5,FALSE,"RXR",2,TRUE,5
"RXRA_M08962_3.10",11,FALSE,"RXR",1,TRUE,11
"RXRA_M08963_3.10",7,FALSE,"RXR",1,TRUE,7
"RXRA_M10652_3.10",2,FALSE,"RXR",1,TRUE,2
"MA0855.1",5,FALSE,"RXR",2,TRUE,5
"MA1555.1",12,TRUE,"RXR",1,TRUE,12
"RXRB.H13CORE.0.P.C",6,FALSE,"RXR",1,TRUE,6
"RXRB.H13CORE.1.SM.B",4,FALSE,"RXR",2,TRUE,4
"RXRB.H13CORE.2.PS.A",11,FALSE,"RXR",1,TRUE,11
"RXRB_M05893_3.10",5,FALSE,"RXR",2,TRUE,5
"RXRB_M05894_3.10",12,FALSE,"RXR",1,TRUE,12
"RXRB_M05895_3.10",5,FALSE,"RXR",2,TRUE,5
"RXRB_M05896_3.10",12,FALSE,"RXR",1,TRUE,12
"RXRB_M10655_3.10",11,FALSE,"RXR",1,TRUE,11
"MA0856.1",5,FALSE,"RXR",2,TRUE,5
"MA1556.1",12,FALSE,"RXR",1,TRUE,12
"RXRG.H13CORE.1.SM.B",5,FALSE,"RXR",2,TRUE,5
"RXRG_M05827_3.10",5,FALSE,"RXR",2,TRUE,5
"RXRG_M05828_3.10",12,FALSE,"RXR",1,TRUE,12
"RXRG_M05829_3.10",5,FALSE,"RXR",2,TRUE,5
"RXRG_M05830_3.10",12,FALSE,"RXR",1,TRUE,12
"RXRG_M06771_3.10",6,FALSE,"RXR",2,TRUE,6
"RXRG_M10638_3.10",7,FALSE,"RXR",1,TRUE,7
