"motif","n_hits","n_in_repeat","pct_in_repeat","n_not_in_repeat","receptor","type","database","expected_pct","fold","p_binom","padj_BH","direction"
"MA0065.1",851207,430722,50.6013225925069,420485,"PPARG::RXRA","heterodimer","JASPAR",52.0515124622798,0.972139332726906,6.7597625314202e-158,8.35029489175437e-158,"depleted"
"MA0066.1",832460,429024,51.5368906614132,403436,"PPARG","PPAR","JASPAR",52.0515124622798,0.990113220989698,5.64090518638191e-21,6.23468467968527e-21,"depleted"
"MA0066.2",783639,406670,51.8950690305102,376969,"PPARG","PPAR","JASPAR",52.0515124622798,0.99699444983692,0.00558680706085143,0.00558680706085143,"depleted"
"MA0855.1",748930,375292,50.1104242051994,373638,"RXRB","RXR","JASPAR",52.0515124622798,0.962708321713283,1.16178247254023e-247,1.57402786602225e-247,"depleted"
"MA0856.1",697165,339019,48.6282300459719,358146,"RXRG","RXR","JASPAR",52.0515124622798,0.934232796428564,2.47032822920623e-323,6.42285339593621e-323,"depleted"
"MA1148.1",989538,501790,50.7095230299392,487748,"PPARA::RXRA","heterodimer","JASPAR",52.0515124622798,0.974218051140914,3.31846864654966e-157,3.98216237585959e-157,"depleted"
"MA1148.2",976009,497375,50.9600833598871,478634,"PPARA::RXRA","heterodimer","JASPAR",52.0515124622798,0.979031750457134,2.9418112738935e-103,3.43211315287574e-103,"depleted"
"MA1550.1",857205,450646,52.5715552289126,406559,"PPARD","PPAR","JASPAR",52.0515124622798,1.00999092518224,5.51281994013517e-22,6.25779560772101e-22,"enriched"
"MA1550.2",836239,420211,50.2501079236917,416028,"PPARD","PPAR","JASPAR",52.0515124622798,0.965391888662342,2.93418641846729e-238,3.85111967423832e-238,"depleted"
"MA1555.1",732535,444468,60.6753260936337,288067,"RXRB","RXR","JASPAR",52.0515124622798,1.16567844474459,2.96439387504748e-323,6.42285339593621e-323,"enriched"
"MA1556.1",808939,509605,62.9967154507324,299334,"RXRG","RXR","JASPAR",52.0515124622798,1.21027636798036,2.96439387504748e-323,6.42285339593621e-323,"enriched"
"PPARA_M10653_3.10",1636538,804067,49.1321924697135,832471,"PPARA","PPAR","CIS-BP",52.0515124622798,0.94391479028238,3.95252516672997e-323,6.42285339593621e-323,"depleted"
"PPARD_M05793_3.10",813707,410252,50.4176564783147,403455,"PPARD","PPAR","CIS-BP",52.0515124622798,0.968610787531888,3.854765206957e-191,4.90606480885436e-191,"depleted"
"PPARD_M05794_3.10",886371,545238,61.5135197338361,341133,"PPARD","PPAR","CIS-BP",52.0515124622798,1.1817816010325,2.96439387504748e-323,6.42285339593621e-323,"enriched"
"PPARD_M05795_3.10",1109918,619204,55.7882654394289,490714,"PPARD","PPAR","CIS-BP",52.0515124622798,1.07178951773701,3.45845952088873e-323,6.42285339593621e-323,"enriched"
"PPARD_M05796_3.10",592061,347929,58.7657352874113,244132,"PPARD","PPAR","CIS-BP",52.0515124622798,1.12899188721936,2.47032822920623e-323,6.42285339593621e-323,"enriched"
"PPARG_M02901_3.10",783929,405905,51.7782860437616,378024,"PPARG","PPAR","CIS-BP",52.0515124622798,0.994750845737361,1.28887128108758e-06,1.35331484514196e-06,"depleted"
"PPARG_M10636_3.10",2199755,1078663,49.0355971460458,1121092,"PPARG","PPAR","CIS-BP",52.0515124622798,0.942059026269035,4.44659081257122e-323,6.42285339593621e-323,"depleted"
"RXRA.H13CORE.0.PS.A",1269110,823451,64.8841313991695,445659,"RXRA","RXR","HOCOMOCO",52.0515124622798,1.24653690795612,3.45845952088873e-323,6.42285339593621e-323,"enriched"
"RXRA.H13CORE.2.SM.B",759214,366652,48.293629991017,392562,"RXRA","RXR","HOCOMOCO",52.0515124622798,0.927804547966094,2.96439387504748e-323,6.42285339593621e-323,"depleted"
"RXRA_M05883_3.10",792278,390043,49.2305731069145,402235,"RXRA","RXR","CIS-BP",52.0515124622798,0.945804853270891,2.96439387504748e-323,6.42285339593621e-323,"depleted"
"RXRA_M05884_3.10",673940,326228,48.4060895628691,347712,"RXRA","RXR","CIS-BP",52.0515124622798,0.929965091753051,2.47032822920623e-323,6.42285339593621e-323,"depleted"
"RXRA_M06118_3.10",829877,414271,49.919566393574,415606,"RXRA","RXR","CIS-BP",52.0515124622798,0.959041611514157,2.96439387504748e-323,6.42285339593621e-323,"depleted"
"RXRA_M06774_3.10",1113269,601707,54.0486620933485,511562,"RXRA","RXR","CIS-BP",52.0515124622798,1.03836871469424,3.45845952088873e-323,6.42285339593621e-323,"enriched"
"RXRA_M08962_3.10",1245204,832674,66.8704886910097,412530,"RXRA","RXR","CIS-BP",52.0515124622798,1.28469828306082,3.45845952088873e-323,6.42285339593621e-323,"enriched"
"RXRA_M08963_3.10",1904132,908302,47.7016299290175,995830,"RXRA","RXR","CIS-BP",52.0515124622798,0.916431198105636,4.44659081257122e-323,6.42285339593621e-323,"depleted"
"RXRA_M10652_3.10",4521228,2401469,53.1154146616804,2119759,"RXRA","RXR","CIS-BP",52.0515124622798,1.02043940990517,6.91691904177745e-323,9.88131291682493e-323,"enriched"
"RXRB.H13CORE.0.P.C",1690116,790532,46.7738309086477,899584,"RXRB","RXR","HOCOMOCO",52.0515124622798,0.898606566764863,4.44659081257122e-323,6.42285339593621e-323,"depleted"
"RXRB.H13CORE.1.SM.B",1120792,615393,54.9069764951927,505399,"RXRB","RXR","HOCOMOCO",52.0515124622798,1.05485842577547,3.45845952088873e-323,6.42285339593621e-323,"enriched"
"RXRB.H13CORE.2.PS.A",951948,543536,57.0972364036691,408412,"RXRB","RXR","HOCOMOCO",52.0515124622798,1.09693712445043,2.96439387504748e-323,6.42285339593621e-323,"enriched"
"RXRB_M05893_3.10",763807,366812,48.0241736459603,396995,"RXRB","RXR","CIS-BP",52.0515124622798,0.922627823365595,2.96439387504748e-323,6.42285339593621e-323,"depleted"
"RXRB_M05894_3.10",751784,459640,61.1399018867121,292144,"RXRB","RXR","CIS-BP",52.0515124622798,1.17460375298448,2.96439387504748e-323,6.42285339593621e-323,"enriched"
"RXRB_M05895_3.10",1171879,658850,56.2216747633501,513029,"RXRB","RXR","CIS-BP",52.0515124622798,1.080116063949,3.45845952088873e-323,6.42285339593621e-323,"enriched"
"RXRB_M05896_3.10",616381,401241,65.0962635123406,215140,"RXRB","RXR","CIS-BP",52.0515124622798,1.25061233445453,2.47032822920623e-323,6.42285339593621e-323,"enriched"
"RXRB_M10655_3.10",1464499,992346,67.7601008945721,472153,"RXRB","RXR","CIS-BP",52.0515124622798,1.30178927929666,3.95252516672997e-323,6.42285339593621e-323,"enriched"
"RXRG.H13CORE.1.SM.B",886836,427195,48.1706877032507,459641,"RXRG","RXR","HOCOMOCO",52.0515124622798,0.925442612991478,2.96439387504748e-323,6.42285339593621e-323,"depleted"
"RXRG_M05827_3.10",990051,542463,54.7914198359478,447588,"RXRG","RXR","CIS-BP",52.0515124622798,1.05263838155815,3.45845952088873e-323,6.42285339593621e-323,"enriched"
"RXRG_M05828_3.10",824513,521959,63.3051267839319,302554,"RXRG","RXR","CIS-BP",52.0515124622798,1.21620148559194,2.96439387504748e-323,6.42285339593621e-323,"enriched"
"RXRG_M05829_3.10",1747356,990492,56.6851860754191,756864,"RXRG","RXR","CIS-BP",52.0515124622798,1.08902092165904,3.95252516672997e-323,6.42285339593621e-323,"enriched"
"RXRG_M05830_3.10",537709,334725,62.2502134053921,202984,"RXRG","RXR","CIS-BP",52.0515124622798,1.19593476655463,2.47032822920623e-323,6.42285339593621e-323,"enriched"
"RXRG_M06771_3.10",1025083,529334,51.6381600319194,495749,"RXRG","RXR","CIS-BP",52.0515124622798,0.992058781564514,5.48531038540123e-17,5.9072573381244e-17,"depleted"
"RXRG_M10638_3.10",768456,398337,51.8360192385771,370119,"RXRG","RXR","CIS-BP",52.0515124622798,0.995860000727955,0.000156694841165923,0.000160516666560214,"depleted"
