"motif","type","receptor","database","fold_genome","n_used","obs_pct","exp_gc_pct","mean_hit_gc_window","fold_gc"
"MA0065.1","heterodimer","PPARG::RXRA","JASPAR",0.972139332726906,851127,50.5980893568175,51.7112611854773,0.433846817219992,0.97847331890307
"MA0066.1","PPAR","PPARG","JASPAR",0.990113220989698,832417,51.5363093257346,51.0296129963436,0.445398688397762,1.00992945663584
"MA0066.2","PPAR","PPARG","JASPAR",0.99699444983692,783595,51.8945373566702,51.2733236002674,0.440944135682336,1.0121157302235
"MA0855.1","RXR","RXRB","JASPAR",0.962708321713283,748842,50.106163917088,51.9228514711389,0.427071692025821,0.965011791483357
"MA0856.1","RXR","RXRG","JASPAR",0.934232796428564,697084,48.6238387339259,51.8007620742676,0.427527299435936,0.938670335857475
"MA1148.1","heterodimer","PPARA::RXRA","JASPAR",0.974218051140914,989464,50.7079590566206,51.2225512593783,0.440358153505332,0.989953795933515
"MA1148.2","heterodimer","PPARA::RXRA","JASPAR",0.979031750457134,975932,50.9583659517262,51.3821409808586,0.438121160080825,0.99175248401404
"MA1550.1","PPAR","PPARD","JASPAR",1.00999092518224,857111,52.5679871101876,51.8194171805803,0.435016234770059,1.01444574196963
"MA1550.2","PPAR","PPARD","JASPAR",0.965391888662342,836139,50.2459519290453,51.5596068422551,0.43450533942323,0.974521626644112
"MA1555.1","RXR","RXRB","JASPAR",1.16567844474459,732481,60.6737922212317,51.3215076515568,0.456407797608402,1.18222934199773
"MA1556.1","RXR","RXRG","JASPAR",1.21027636798036,808885,62.9954814343201,51.5942157106822,0.45570685573351,1.22097953358902
"PPARA_M10653_3.10","PPAR","PPARA","CIS-BP",0.94391479028238,1636444,49.1312259997898,50.3340427052227,0.451707568361643,0.976103316149725
"PPARD_M05793_3.10","PPAR","PPARD","CIS-BP",0.968610787531888,813604,50.4129773206621,51.6316111916002,0.433836928038702,0.976397523865451
"PPARD_M05794_3.10","PPAR","PPARD","CIS-BP",1.1817816010325,886312,61.5121988645082,51.4047035548413,0.456707953858235,1.19662588461158
"PPARD_M05795_3.10","PPAR","PPARD","CIS-BP",1.07178951773701,1109771,55.7850223154146,50.9710427721189,0.454223366802701,1.09444538077861
"PPARD_M05796_3.10","PPAR","PPARD","CIS-BP",1.12899188721936,592017,58.765204377577,48.9424705613059,0.478050934348169,1.20069959083833
"PPARG_M02901_3.10","PPAR","PPARG","CIS-BP",0.994750845737361,783885,51.7778755812396,51.2205767460498,0.441682364122288,1.0108803701675
"PPARG_M10636_3.10","PPAR","PPARG","CIS-BP",0.942059026269035,2199581,49.0340205702813,49.2958325324246,0.463730555955884,0.994688963575754
"RXRA.H13CORE.0.PS.A","RXR","RXRA","HOCOMOCO",1.24653690795612,1269017,64.8827399475342,52.4197375957819,0.451877776263045,1.23775400113325
"RXRA.H13CORE.2.SM.B","RXR","RXRA","HOCOMOCO",0.927804547966094,759140,48.2901704560424,51.4297038253699,0.433925573675475,0.938954861960942
"RXRA_M05883_3.10","RXR","RXRA","CIS-BP",0.945804853270891,792190,49.2261957358714,51.4055192858516,0.435719839937389,0.957605261453317
"RXRA_M05884_3.10","RXR","RXRA","CIS-BP",0.929965091753051,673856,48.4014388830848,51.6814761185133,0.429168813515054,0.936533600009665
"RXRA_M06118_3.10","RXR","RXRA","CIS-BP",0.959041611514157,829841,49.9185988641198,51.3913639364149,0.433591495238244,0.971342168032018
"RXRA_M06774_3.10","RXR","RXRA","CIS-BP",1.03836871469424,1113179,54.0471029367245,50.9634277763435,0.453036376000625,1.06050760898411
"RXRA_M08962_3.10","RXR","RXRA","CIS-BP",1.28469828306082,1245122,66.8696722088277,52.7376148967269,0.449979134574765,1.26796921589599
"RXRA_M08963_3.10","RXR","RXRA","CIS-BP",0.916431198105636,1903997,47.6992348202229,48.4229369546103,0.474135631516226,0.985054559266702
"RXRA_M10652_3.10","RXR","RXRA","CIS-BP",1.02043940990517,4520813,53.1134775979453,47.5604552355244,0.486105220454816,1.11675713226296
"RXRB.H13CORE.0.P.C","RXR","RXRB","HOCOMOCO",0.898606566764863,1690038,46.7726761173417,49.3105087463183,0.46438638657829,0.948533635253437
"RXRB.H13CORE.1.SM.B","RXR","RXRB","HOCOMOCO",1.05485842577547,1120695,54.9049473764048,50.7132549386539,0.456279148207139,1.08265477029273
"RXRB.H13CORE.2.PS.A","RXR","RXRB","HOCOMOCO",1.09693712445043,951854,57.0953108354853,50.7118966988079,0.461241808092418,1.12587606759397
"RXRB_M05893_3.10","RXR","RXRB","CIS-BP",0.922627823365595,763722,48.0203529556566,51.4018489633691,0.434631894851792,0.934214506366838
"RXRB_M05894_3.10","RXR","RXRB","CIS-BP",1.17460375298448,751733,61.1383296995077,51.3281887694296,0.456664533817193,1.19112579588861
"RXRB_M05895_3.10","RXR","RXRB","CIS-BP",1.080116063949,1171748,56.2192553347648,51.2247839474757,0.451556836452889,1.09750107276997
"RXRB_M05896_3.10","RXR","RXRB","CIS-BP",1.25061233445453,616346,65.0952549379732,51.0481254769923,0.463857800650933,1.27517424645322
"RXRB_M10655_3.10","RXR","RXRB","CIS-BP",1.30178927929666,1464351,67.758344823065,53.0928466080452,0.448988842156013,1.27622361865972
"RXRG.H13CORE.1.SM.B","RXR","RXRG","HOCOMOCO",0.925442612991478,886742,48.1669978415368,50.3754954115005,0.450504814252624,0.956159288322164
"RXRG_M05827_3.10","RXR","RXRG","CIS-BP",1.05263838155815,989956,54.7892027524456,51.6344389691422,0.443903688648788,1.06109805483098
"RXRG_M05828_3.10","RXR","RXRG","CIS-BP",1.21620148559194,824462,63.3039485143039,51.6080166258623,0.456345519866289,1.22663013719811
"RXRG_M05829_3.10","RXR","RXRG","CIS-BP",1.08902092165904,1747060,56.680652066901,50.0195418956172,0.465236614655478,1.13317015548012
"RXRG_M05830_3.10","RXR","RXRG","CIS-BP",1.19593476655463,537681,62.249177486279,51.1836865316888,0.459398974484871,1.21619175374832
"RXRG_M06771_3.10","RXR","RXRG","CIS-BP",0.992058781564514,1024957,51.6343612463742,50.8567169355315,0.446342158744221,1.01529088698015
"RXRG_M10638_3.10","RXR","RXRG","CIS-BP",0.995860000727955,768418,51.8349387963322,52.2021606885848,0.4196000093699,0.992965389029714
