"","MA0065.1","MA0066.1","MA0066.2","MA0855.1","MA0856.1","MA1148.1","MA1148.2","MA1550.1","MA1550.2","MA1555.1","MA1556.1","PPARA_M10653_3.10","PPARD_M05793_3.10","PPARD_M05794_3.10","PPARD_M05795_3.10","PPARD_M05796_3.10","PPARG_M02901_3.10","PPARG_M10636_3.10","RXRA.H13CORE.0.PS.A","RXRA.H13CORE.2.SM.B","RXRA_M05883_3.10","RXRA_M05884_3.10","RXRA_M06118_3.10","RXRA_M06774_3.10","RXRA_M08962_3.10","RXRA_M08963_3.10","RXRA_M10652_3.10","RXRB.H13CORE.0.P.C","RXRB.H13CORE.1.SM.B","RXRB.H13CORE.2.PS.A","RXRB_M05893_3.10","RXRB_M05894_3.10","RXRB_M05895_3.10","RXRB_M05896_3.10","RXRB_M10655_3.10","RXRG.H13CORE.1.SM.B","RXRG_M05827_3.10","RXRG_M05828_3.10","RXRG_M05829_3.10","RXRG_M05830_3.10","RXRG_M06771_3.10","RXRG_M10638_3.10"
"MA0065.1",100,0.65,0.72,21.97,20.07,12.24,12.14,19.76,18.43,0.22,0.51,7.55,23.97,0.92,18.12,0.36,0.72,7.33,4.76,20.82,24.58,24.63,7.02,18.9,4.24,8.4,3.85,8.66,18.59,6.31,23.81,0.51,18.51,0.39,2.53,19.92,19.09,0.53,11.1,0.3,20.99,10.79
"MA0066.1",0.65,100,63.79,0.49,0.43,0.69,0.63,0.54,0.49,0.39,0.53,0.95,0.57,0.54,0.49,0.39,63.93,0.95,0.45,0.66,0.58,0.49,0.56,0.73,0.36,0.9,0.5,0.91,0.65,0.75,0.57,0.43,0.5,0.34,0.26,0.82,0.57,0.51,0.52,0.24,0.57,0.54
"MA0066.2",0.72,63.79,100,0.57,0.53,0.71,0.64,0.6,0.56,0.37,0.53,0.84,0.63,0.69,0.52,0.37,93.55,0.82,0.54,0.77,0.66,0.59,0.71,0.78,0.49,0.94,0.46,0.93,0.7,0.85,0.66,0.59,0.54,0.52,0.25,0.91,0.64,0.5,0.53,0.23,0.66,0.7
"MA0855.1",21.97,0.49,0.57,100,65.7,17.33,18.22,51.7,60.2,0.2,0.5,10.41,56.97,0.79,33.95,0.3,0.56,9.66,5.21,33.27,51.63,53.07,14.11,34.82,4.74,8.08,3.42,9.69,23.59,6.38,62.14,0.48,36.29,0.36,2.36,28.67,45.99,0.5,21.92,0.29,31.17,22.72
"MA0856.1",20.07,0.43,0.53,65.7,100,17.86,18.65,54,63.17,0.2,0.53,9.06,59.31,0.83,35.95,0.31,0.53,8.73,5.55,36.01,54.85,58.5,14.4,34.18,5.04,8.13,3.21,10.1,23.88,6.32,64.98,0.49,37.25,0.37,2.4,29.39,47.32,0.52,21.64,0.29,28.76,22.12
"MA1148.1",12.24,0.69,0.71,17.33,17.86,100,83.03,21.65,20.22,0.22,0.46,34.71,22.31,0.77,25.7,0.31,0.71,28.56,3.64,18.75,21.09,18.38,8.63,24.52,3.28,9.95,7.7,13.28,23.75,3.77,22.08,0.45,24.99,0.34,1.67,20.94,25.75,0.46,21.88,0.27,22.06,12.58
"MA1148.2",12.14,0.63,0.64,18.22,18.65,83.03,100,20.73,21.18,0.2,0.4,35.78,21.65,0.7,24.31,0.28,0.64,28.98,3.78,18.27,20.34,17.96,8.92,23.57,3.42,9.16,7.15,12.23,22.68,3.69,21.38,0.41,23.64,0.31,1.61,20.3,24.45,0.41,20.39,0.24,21.25,12.02
"MA1550.1",19.76,0.54,0.6,51.7,54,21.65,20.73,100,75.67,0.22,0.55,12.94,76.97,0.84,50.3,0.33,0.6,12.3,4.89,30.03,50.86,50.98,11.29,44.46,4.41,9.57,4.69,11.44,31.68,5.93,65.44,0.5,49.88,0.38,2.37,30.85,60.73,0.53,31.66,0.31,33.13,18.53
"MA1550.2",18.43,0.49,0.56,60.2,63.17,20.22,21.18,75.67,100,0.21,0.53,12.99,68.98,0.82,42.71,0.31,0.56,12.28,5.16,30.72,52.12,52.55,12.43,40.13,4.64,9.4,4.37,11.46,26.26,6,67.07,0.5,46.81,0.36,2.38,31.1,57.1,0.52,29.21,0.29,33.98,18.72
"MA1555.1",0.22,0.39,0.37,0.2,0.2,0.22,0.2,0.22,0.21,100,22.74,0.2,0.23,23.72,0.24,24.57,0.37,0.2,0.94,0.47,0.26,0.23,0.6,0.26,1.01,0.51,0.42,0.34,0.58,1.32,0.26,39.04,0.25,33.51,0.54,0.66,0.25,26.15,0.22,29.11,0.34,0.73
"MA1556.1",0.51,0.53,0.53,0.5,0.53,0.46,0.4,0.55,0.53,22.74,100,0.35,0.59,27.9,0.52,30.83,0.54,0.37,3.23,1.39,0.65,0.59,1.91,0.68,3.46,1.57,0.67,1.17,1.41,3.02,0.66,39.61,0.54,33.03,2.72,1.7,0.62,83.56,0.43,34.7,0.69,1.29
"PPARA_M10653_3.10",7.55,0.95,0.84,10.41,9.06,34.71,35.78,12.94,12.99,0.2,0.35,100,12.75,0.64,13.93,0.27,0.85,57.96,2.61,9.95,10.85,8.62,5.34,15.75,2.12,10.12,10.62,13.36,14.02,2.39,11.06,0.35,14.01,0.25,1.03,12.2,14.61,0.36,15.41,0.19,14.24,7.3
"PPARD_M05793_3.10",23.97,0.57,0.63,56.97,59.31,22.31,21.65,76.97,68.98,0.23,0.59,12.75,100,0.9,49.14,0.36,0.63,12.27,5.82,36.51,65.44,62.04,12.58,42.15,5.2,10.22,4.65,12.53,30.94,7.22,76.63,0.53,48.1,0.4,2.92,33.68,56.09,0.58,27.03,0.33,35.9,20.68
"PPARD_M05794_3.10",0.92,0.54,0.69,0.79,0.83,0.77,0.7,0.84,0.82,23.72,27.9,0.64,0.9,100,0.78,31.05,0.7,0.62,7.45,1.8,0.97,0.86,2.52,0.97,8.43,2.74,2.68,1.95,1.98,8.98,0.98,35.73,0.81,25.46,6.47,2.23,0.93,33.47,0.76,21.09,1.11,1.65
"PPARD_M05795_3.10",18.12,0.49,0.52,33.95,35.95,25.7,24.31,50.3,42.71,0.24,0.52,13.93,49.14,0.78,100,0.35,0.52,15.11,4.69,25.94,41.89,41.45,9.13,47.29,4.24,9.84,7.88,11.14,42.56,6.92,45.93,0.49,76.22,0.38,2.43,28.67,58.38,0.51,47.14,0.31,29.98,14.46
"PPARD_M05796_3.10",0.36,0.39,0.37,0.3,0.31,0.31,0.28,0.33,0.31,24.57,30.83,0.27,0.36,31.05,0.35,100,0.38,0.28,2.02,0.78,0.4,0.35,1.07,0.46,2.13,1.13,0.55,0.85,0.98,2.19,0.4,39.86,0.36,45.96,1.75,1.06,0.38,36.72,0.32,35.55,0.48,1.02
"PPARG_M02901_3.10",0.72,63.93,93.55,0.56,0.53,0.71,0.64,0.6,0.56,0.37,0.54,0.85,0.63,0.7,0.52,0.38,100,0.83,0.55,0.77,0.66,0.59,0.71,0.78,0.51,0.95,0.46,0.94,0.7,0.87,0.66,0.6,0.54,0.52,0.27,0.91,0.64,0.51,0.53,0.24,0.66,0.69
"PPARG_M10636_3.10",7.33,0.95,0.82,9.66,8.73,28.56,28.98,12.3,12.28,0.2,0.37,57.96,12.27,0.62,15.11,0.28,0.83,100,2.74,9.65,10.88,8.36,5.22,16.14,2.18,12.1,16.54,14.03,14.89,2.94,10.87,0.35,15.46,0.25,1.22,12.24,14.66,0.37,19.32,0.2,13.44,6.74
"RXRA.H13CORE.0.PS.A",4.76,0.45,0.54,5.21,5.55,3.64,3.78,4.89,5.16,0.94,3.23,2.61,5.82,7.45,4.69,2.02,0.55,2.74,100,9.63,6,5.25,21.68,5.06,59.22,12.19,5.73,9.64,7.37,25.38,5.62,3.17,4.89,2.09,27.39,8.56,5.08,3.51,3.48,1.69,4.72,6.21
"RXRA.H13CORE.2.SM.B",20.82,0.66,0.77,33.27,36.01,18.75,18.27,30.03,30.72,0.47,1.39,9.95,36.51,1.8,25.94,0.78,0.77,9.65,9.63,100,44.54,38.95,24.78,31,7.47,14.07,4.61,19.76,41.79,7.04,40.73,1.08,27.52,0.81,2.92,53.72,32.61,1.39,16.89,0.77,26.99,27.42
"RXRA_M05883_3.10",24.58,0.58,0.66,51.63,54.85,21.09,20.34,50.86,52.12,0.26,0.65,10.85,65.44,0.97,41.89,0.4,0.66,10.88,6,44.54,100,63.8,14.46,40.57,5.29,10.52,4.32,14.11,31.52,7.21,66.93,0.59,43.82,0.45,2.83,37.27,48.87,0.65,23.68,0.38,33.39,23.1
"RXRA_M05884_3.10",24.63,0.49,0.59,53.07,58.5,18.38,17.96,50.98,52.55,0.23,0.59,8.62,62.04,0.86,41.45,0.35,0.59,8.36,5.25,38.95,63.8,100,12.3,36.05,4.69,8.09,3.24,10.51,27.12,6.68,67.93,0.54,42.45,0.42,2.4,31.82,46.95,0.58,22.41,0.35,30.26,21.58
"RXRA_M06118_3.10",7.02,0.56,0.71,14.11,14.4,8.63,8.92,11.29,12.43,0.6,1.91,5.34,12.58,2.52,9.13,1.07,0.71,5.22,21.68,24.78,14.46,12.3,100,11.42,14.69,14.91,3.98,14.37,15.83,9.49,14.25,1.54,9.84,1.09,4.64,20.87,13.16,1.92,7.6,1.02,10.83,27.88
"RXRA_M06774_3.10",18.9,0.73,0.78,34.82,34.18,24.52,23.57,44.46,40.13,0.26,0.68,15.75,42.15,0.97,47.29,0.46,0.78,16.14,5.06,31,40.57,36.05,11.42,100,4.41,11.83,7.63,14,40.09,5.58,45.37,0.56,52.91,0.44,2.76,35.86,59.04,0.68,37.51,0.37,32.61,17.32
"RXRA_M08962_3.10",4.24,0.36,0.49,4.74,5.04,3.28,3.42,4.41,4.64,1.01,3.46,2.12,5.2,8.43,4.24,2.13,0.51,2.18,59.22,7.47,5.29,4.69,14.69,4.41,100,8.37,5.4,6.22,5.63,30.76,4.97,3.5,4.43,2.25,34.91,6.38,4.35,3.81,2.98,1.75,3.99,4.82
"RXRA_M08963_3.10",8.4,0.9,0.94,8.08,8.13,9.95,9.16,9.57,9.4,0.51,1.57,10.12,10.22,2.74,9.84,1.13,0.95,12.1,12.19,14.07,10.52,8.09,14.91,11.83,8.37,100,16.26,33.95,16.02,12.83,10.22,1.55,10.71,1.18,6.21,17.48,11.22,1.7,11.41,1,12.19,10.63
"RXRA_M10652_3.10",3.85,0.5,0.46,3.42,3.21,7.7,7.15,4.69,4.37,0.42,0.67,10.62,4.65,2.68,7.88,0.55,0.46,16.54,5.73,4.61,4.32,3.24,3.98,7.63,5.4,16.26,100,9.98,9.69,6.49,4.33,0.88,7.94,0.58,5.36,6.57,6.69,0.77,12.11,0.39,5.46,2.84
"RXRB.H13CORE.0.P.C",8.66,0.91,0.93,9.69,10.1,13.28,12.23,11.44,11.46,0.34,1.17,13.36,12.53,1.95,11.14,0.85,0.94,14.03,9.64,19.76,14.11,10.51,14.37,14,6.22,33.95,9.98,100,17.87,5.71,12.92,1.03,11.69,0.84,3.7,20.01,13.56,1.22,11.32,0.7,13.65,12.64
"RXRB.H13CORE.1.SM.B",18.59,0.65,0.7,23.59,23.88,23.75,22.68,31.68,26.26,0.58,1.41,14.02,30.94,1.98,42.56,0.98,0.7,14.89,7.37,41.79,31.52,27.12,15.83,40.09,5.63,16.02,9.69,17.87,100,7.2,30.88,1.2,41.07,0.98,2.88,57.86,40.68,1.46,30.36,0.9,29.74,17.36
"RXRB.H13CORE.2.PS.A",6.31,0.75,0.85,6.38,6.32,3.77,3.69,5.93,6,1.32,3.02,2.39,7.22,8.98,6.92,2.19,0.87,2.94,25.38,7.04,7.21,6.68,9.49,5.58,30.76,12.83,6.49,5.71,7.2,100,6.71,3.23,6.65,2.39,16.56,7.44,6.08,3.4,4.9,2.16,5.98,4.03
"RXRB_M05893_3.10",23.81,0.57,0.66,62.14,64.98,22.08,21.38,65.44,67.07,0.26,0.66,11.06,76.63,0.98,45.93,0.4,0.66,10.87,5.62,40.73,66.93,67.93,14.25,45.37,4.97,10.22,4.33,12.92,30.88,6.71,100,0.59,49.87,0.45,2.48,37.32,62.29,0.65,28.14,0.37,36.14,23.94
"RXRB_M05894_3.10",0.51,0.43,0.59,0.48,0.49,0.45,0.41,0.5,0.5,39.04,39.61,0.35,0.53,35.73,0.49,39.86,0.6,0.35,3.17,1.08,0.59,0.54,1.54,0.56,3.5,1.55,0.88,1.03,1.2,3.23,0.59,100,0.5,56.34,2.6,1.36,0.56,47.8,0.52,49.39,0.68,1.1
"RXRB_M05895_3.10",18.51,0.5,0.54,36.29,37.25,24.99,23.64,49.88,46.81,0.25,0.54,14.01,48.1,0.81,76.22,0.36,0.54,15.46,4.89,27.52,43.82,42.45,9.84,52.91,4.43,10.71,7.94,11.69,41.07,6.65,49.87,0.5,100,0.39,2.74,31.04,66.08,0.53,52.31,0.32,33.67,16.09
"RXRB_M05896_3.10",0.39,0.34,0.52,0.36,0.37,0.34,0.31,0.38,0.36,33.51,33.03,0.25,0.4,25.46,0.38,45.96,0.52,0.25,2.09,0.81,0.45,0.42,1.09,0.44,2.25,1.18,0.58,0.84,0.98,2.39,0.45,56.34,0.39,100,1.88,1.05,0.41,40.27,0.32,59.88,0.54,0.87
"RXRB_M10655_3.10",2.53,0.26,0.25,2.36,2.4,1.67,1.61,2.37,2.38,0.54,2.72,1.03,2.92,6.47,2.43,1.75,0.27,1.22,27.39,2.92,2.83,2.4,4.64,2.76,34.91,6.21,5.36,3.7,2.88,16.56,2.48,2.6,2.74,1.88,100,3,2.26,3.06,1.63,1.57,2.74,1.41
"RXRG.H13CORE.1.SM.B",19.92,0.82,0.91,28.67,29.39,20.94,20.3,30.85,31.1,0.66,1.7,12.2,33.68,2.23,28.67,1.06,0.91,12.24,8.56,53.72,37.27,31.82,20.87,35.86,6.38,17.48,6.57,20.01,57.86,7.44,37.32,1.36,31.04,1.05,3,100,35.73,1.72,22.46,1.01,34.19,22.93
"RXRG_M05827_3.10",19.09,0.57,0.64,45.99,47.32,25.75,24.45,60.73,57.1,0.25,0.62,14.61,56.09,0.93,58.38,0.38,0.64,14.66,5.08,32.61,48.87,46.95,13.16,59.04,4.35,11.22,6.69,13.56,40.68,6.08,62.29,0.56,66.08,0.41,2.26,35.73,100,0.61,44.28,0.35,34.48,21.99
"RXRG_M05828_3.10",0.53,0.51,0.5,0.5,0.52,0.46,0.41,0.53,0.52,26.15,83.56,0.36,0.58,33.47,0.51,36.72,0.51,0.37,3.51,1.39,0.65,0.58,1.92,0.68,3.81,1.7,0.77,1.22,1.46,3.4,0.65,47.8,0.53,40.27,3.06,1.72,0.61,100,0.43,38.86,0.7,1.27
"RXRG_M05829_3.10",11.1,0.52,0.53,21.92,21.64,21.88,20.39,31.66,29.21,0.22,0.43,15.41,27.03,0.76,47.14,0.32,0.53,19.32,3.48,16.89,23.68,22.41,7.6,37.51,2.98,11.41,12.11,11.32,30.36,4.9,28.14,0.52,52.31,0.32,1.63,22.46,44.28,0.43,100,0.26,24.8,11.62
"RXRG_M05830_3.10",0.3,0.24,0.23,0.29,0.29,0.27,0.24,0.31,0.29,29.11,34.7,0.19,0.33,21.09,0.31,35.55,0.24,0.2,1.69,0.77,0.38,0.35,1.02,0.37,1.75,1,0.39,0.7,0.9,2.16,0.37,49.39,0.32,59.88,1.57,1.01,0.35,38.86,0.26,100,0.46,0.5
"RXRG_M06771_3.10",20.99,0.57,0.66,31.17,28.76,22.06,21.25,33.13,33.98,0.34,0.69,14.24,35.9,1.11,29.98,0.48,0.66,13.44,4.72,26.99,33.39,30.26,10.83,32.61,3.99,12.19,5.46,13.65,29.74,5.98,36.14,0.68,33.67,0.54,2.74,34.19,34.48,0.7,24.8,0.46,100,16.01
"RXRG_M10638_3.10",10.79,0.54,0.7,22.72,22.12,12.58,12.02,18.53,18.72,0.73,1.29,7.3,20.68,1.65,14.46,1.02,0.69,6.74,6.21,27.42,23.1,21.58,27.88,17.32,4.82,10.63,2.84,12.64,17.36,4.03,23.94,1.1,16.09,0.87,1.41,22.93,21.99,1.27,11.62,0.5,16.01,100
